Player,Season,Season Type,Team,Games,Min,Pts,OReb,Dreb,Reb,Ast,Stl,Blk,TO,PF,FGM,FGA,FG%,3PTM,3PTA,3PT%,FTM,FTA,FT%
David Nwaba,2016-2017,REG,Lakers,18,19.1,5.61,0.83,2.33,3.17,0.61,0.61,0.39,0.44,1.72,2.17,3.83,0.565,0.06,0.28,0.2,1.22,1.94,0.629
Mike Tobey,2016-2017,REG,Hornets,2,12.59,1,1,0.5,1.5,0.5,0,0,0.5,1,0.5,2,0.25,0,0,0,0,0,0
Danuel House,2016-2017,REG,Wizards,1,0.83,0,0,1,1,0,0,0,0,0,0,0,0,0,0,0,0,0,0
Patricio Garino,2016-2017,REG,Magic,1,4.28,0,1,0,1,0,0,0,0,0,0,1,0,0,0,0,0,0,0
Marcus Georges-Hunt,2016-2017,REG,"Heat, Magic",1,4.28,0,0,1,1,0,0,0,0,0,0,1,0,0,1,0,0,0,0
Nicolas Laprovittola,2016-2017,REG,Spurs,18,9.67,3.28,0.06,0.5,0.56,1.56,0.22,0.06,1.06,1.06,1.11,2.61,0.426,0.56,1.5,0.37,0.5,0.5,1
"Derrick Jones, Jr.",2016-2017,REG,Suns,29,15.97,4.55,1.03,1.28,2.31,0.31,0.31,0.45,0.34,1.86,1.93,3.31,0.583,0.03,0.24,0.143,0.66,0.97,0.679
Okaro White,2016-2017,REG,Heat,31,13.55,3.03,0.84,1.77,2.61,0.61,0.26,0.29,0.55,1.55,1,2.45,0.408,0.39,0.94,0.414,0.65,0.71,0.909
Georgios Papagiannis,2016-2017,REG,Kings,18,14.57,4.94,1,2.67,3.67,0.56,0.11,0.89,0.78,1.83,2.22,4.22,0.526,0,0.06,0,0.5,0.56,0.9
Paul Zipser,2016-2017,REG,Bulls,40,18.81,5.13,0.35,2.33,2.68,0.78,0.33,0.43,0.98,1.7,1.85,4.78,0.387,0.65,2.13,0.306,0.78,1,0.775
Shawn Long,2016-2017,REG,76ers,14,14.17,9.57,2,2.5,4.5,0.86,0.57,0.64,0.86,3,3.86,5.93,0.651,0.5,0.93,0.538,1.36,2.5,0.543
Daniel Ochefu,2016-2017,REG,Wizards,18,3.24,0.89,0.17,0.89,1.06,0.11,0.06,0,0.17,0.89,0.44,1.17,0.381,0,0,0,0,0.11,0
Marshall Plumlee,2016-2017,REG,Knicks,17,6.76,1.18,0.76,1.06,1.82,0.53,0.18,0.18,0.53,0.76,0.35,0.76,0.461,0,0,0,0.47,0.88,0.533
Mindaugas Kuzminskas,2016-2017,REG,Knicks,64,14.65,6,0.67,1.17,1.84,1.05,0.47,0.17,0.72,1.2,2.19,5.16,0.424,0.8,2.41,0.331,0.83,1.03,0.803
Nicolas Brussino,2016-2017,REG,Mavericks,50,8.02,2.24,0.48,1.1,1.58,0.72,0.28,0.16,0.38,0.7,0.78,2.16,0.361,0.42,1.42,0.296,0.26,0.34,0.765
Bryn Forbes,2016-2017,REG,Spurs,33,7.26,1.94,0.06,0.48,0.55,0.48,0.03,0,0.24,0.42,0.76,2.27,0.333,0.36,1.21,0.3,0.06,0.09,0.667
Johnny O'Bryant III,2016-2017,REG,"Nuggets, Hornets",11,7.33,3.45,0.82,0.91,1.73,0.55,0,0.09,0.55,0.91,1.36,2.73,0.5,0.27,0.55,0.5,0.45,0.55,0.833
James Michael McAdoo,2016-2017,REG,Warriors,49,8.54,2.71,0.67,1.08,1.76,0.37,0.29,0.55,0.37,0.92,1.16,2.18,0.533,0,0.08,0,0.39,0.82,0.475
Jarnell Stokes,2016-2017,REG,Nuggets,2,3.28,1.5,0.5,0.5,1,1,0.5,0,0,1.5,0.5,0.5,1,0,0,0,0.5,1,0.5
Andrew Wiggins,2016-2017,REG,Timberwolves,77,37.22,23.27,1.25,2.77,4.01,2.32,0.99,0.35,2.29,2.23,8.57,18.88,0.454,1.26,3.45,0.365,4.87,6.45,0.755
Jabari Parker,2016-2017,REG,Bucks,51,33.88,20.1,1.55,4.61,6.16,2.78,0.96,0.43,1.82,2.18,7.82,15.96,0.49,1.27,3.49,0.365,3.18,4.27,0.743
Joel Embiid,2016-2017,REG,76ers,31,25.36,20.23,1.97,5.84,7.81,2.13,0.87,2.42,3.77,3.61,6.45,13.84,0.466,1.16,3.16,0.367,6.16,7.87,0.783
Dante Exum,2016-2017,REG,Jazz,62,18.35,6.34,0.45,1.53,1.98,1.6,0.31,0.18,1.16,2.24,2.39,5.47,0.437,0.65,2.18,0.296,0.92,1.15,0.803
Josh Huestis,2016-2017,REG,Thunder,1,6.88,7,2,2,4,1,0,1,0,0,3,4,0.75,1,2,0.5,0,0,0
Dario Saric,2016-2017,REG,76ers,78,26.39,12.86,1.37,4.91,6.28,2.23,0.69,0.35,2.24,2,4.73,11.5,0.411,1.32,4.21,0.314,2.08,2.65,0.783
Clint Capela,2016-2017,REG,Rockets,63,23.77,12.35,2.75,5.37,8.11,0.98,0.52,1.19,1.35,2.79,5.44,8.6,0.633,0,0,0,1.46,2.73,0.535
Jusuf Nurkic,2016-2017,REG,"Nuggets, Trail Blazers",65,21.4,10.18,2.42,4.75,7.17,1.83,0.75,1.15,2.2,2.48,4.17,8.2,0.508,0,0.02,0,1.85,3.23,0.571
Bruno Caboclo,2016-2017,REG,Raptors,8,2.87,0.38,0.38,0.38,0.75,0.38,0.25,0,0.25,0.38,0.13,0.63,0.2,0.13,0.38,0.333,0,0,0
Nikola Jokic,2016-2017,REG,Nuggets,69,27.79,16.51,2.99,6.81,9.8,4.91,0.8,0.68,2.26,2.93,6.74,11.71,0.575,0.59,1.87,0.318,2.43,2.96,0.824
Kristaps Porzingis,2016-2017,REG,Knicks,66,32.79,18.12,1.7,5.45,7.15,1.47,0.71,1.95,1.79,3.7,6.71,14.91,0.45,1.7,4.74,0.358,3,3.82,0.786
Edy Tavares,2016-2017,REG,Hawks,1,3.6,2,0,1,1,0,0,0,0,0,1,1,1,0,0,0,0,2,0
Damjan Rudez,2016-2017,REG,Magic,43,7.13,1.86,0.14,0.47,0.6,0.44,0.26,0.02,0.21,0.72,0.7,1.98,0.353,0.47,1.49,0.312,0,0,0
Tyler Johnson,2016-2017,REG,Heat,69,29.89,13.71,0.72,3.26,3.99,3.23,1.19,0.62,1.2,2.39,4.93,11.38,0.433,1.25,3.41,0.366,2.61,3.41,0.766
Tim Frazier,2016-2017,REG,Pelicans,62,23.47,7.16,0.5,2.16,2.66,5.13,0.85,0.1,1.6,2.02,2.56,6.23,0.412,0.6,1.94,0.308,1.44,1.85,0.774
Tarik Black,2016-2017,REG,Lakers,63,16.18,5.68,2.21,2.95,5.16,0.6,0.37,0.57,0.92,2.6,2.22,4.33,0.513,0.02,0.03,0.502,1.22,1.65,0.74
Langston Galloway,2016-2017,REG,"Pelicans, Kings",70,19.71,7.89,0.37,1.7,2.07,1.1,0.66,0.09,0.6,1.26,2.79,7.34,0.379,1.64,4.23,0.389,0.67,0.86,0.783
Joe Ingles,2016-2017,REG,Jazz,78,23.7,7.01,0.27,2.87,3.14,2.65,1.15,0.1,1.23,1.97,2.45,5.4,0.454,1.49,3.35,0.444,0.63,0.85,0.742
Jarell Eddie,2016-2017,REG,Suns,5,12.47,4.8,0.2,1.2,1.4,0,0.2,0,0.2,0.2,1.2,3.8,0.316,0.8,3.2,0.25,1.6,1.8,0.889
TJ McConnell,2016-2017,REG,76ers,77,26.11,6.77,0.45,2.57,3.03,6.51,1.64,0.13,1.87,1.73,2.88,6.22,0.463,0.14,0.66,0.216,0.86,1.05,0.815
Jahlil Okafor,2016-2017,REG,76ers,50,22.68,11.8,1.64,3.18,4.82,1.16,0.38,1,1.8,2.44,4.84,9.42,0.514,0,0,0,2.12,3.16,0.671
Emmanuel Mudiay,2016-2017,REG,Nuggets,53,25.72,10.94,0.53,2.74,3.26,3.98,0.75,0.25,2.23,1.74,3.74,10.11,0.369,1.02,3.26,0.312,2.45,3.11,0.788
Tyus Jones,2016-2017,REG,Timberwolves,55,12.73,3.38,0.16,0.91,1.07,2.53,0.76,0.07,0.64,0.84,1.2,2.98,0.402,0.42,1.24,0.338,0.56,0.73,0.775
Justin Anderson,2016-2017,REG,"Mavericks, 76ers",71,15.62,6.69,0.93,2.38,3.31,0.86,0.52,0.31,0.85,1.42,2.37,5.62,0.421,0.75,2.48,0.301,1.21,1.52,0.796
Anthony Brown,2016-2017,REG,"Pelicans, Magic",11,14.46,3.91,0.73,2.27,3,0.73,0.45,0.18,0.55,1.36,1.64,4.55,0.36,0.64,2.45,0.259,0,0,0
Montrezl Harrell,2016-2017,REG,Rockets,55,18.01,9.04,1.4,2.24,3.64,1.13,0.36,0.71,0.75,2.09,3.85,5.93,0.65,0.02,0.11,0.167,1.31,2.09,0.626
Andrew Harrison,2016-2017,REG,Grizzlies,69,20.5,5.99,0.33,1.54,1.87,2.72,0.71,0.28,1.2,2.7,1.64,5.03,0.326,0.62,2.16,0.289,2.09,2.72,0.766
Aaron Harrison,2016-2017,REG,Hornets,5,3.31,0.2,0,0.6,0.6,0.6,0,0,0,0.4,0,0.8,0,0,0.4,0,0.2,0.4,0.5
Delon Wright,2016-2017,REG,Raptors,24,17.08,5.79,0.58,1.33,1.92,2.33,1.04,0.46,0.96,1.25,1.92,4.33,0.442,0.38,1.08,0.346,1.58,2.04,0.775
RJ Hunter,2016-2017,REG,Bulls,3,3.05,0,0,0.33,0.33,0,0,0,0,0,0,0.33,0,0,0.33,0,0,0,0
Sam Dekker,2016-2017,REG,Rockets,77,18.43,6.55,1.25,2.44,3.69,0.97,0.49,0.27,0.53,1.08,2.64,5.58,0.472,0.78,2.43,0.321,0.49,0.88,0.559
D'Angelo Russell,2016-2017,REG,Lakers,61,28.57,15.66,0.51,3,3.51,4.8,1.36,0.28,2.72,2.08,5.59,13.74,0.407,2.15,6.1,0.352,2.33,3,0.776
Karl-Anthony Towns,2016-2017,REG,Timberwolves,77,36.91,24.82,3.64,8.32,11.96,2.68,0.7,1.31,2.62,2.94,9.65,17.97,0.537,1.18,3.32,0.355,4.34,5.23,0.829
Richaun Holmes,2016-2017,REG,76ers,53,19.97,9.43,1.57,3.62,5.19,1,0.72,0.98,0.89,2.38,3.91,6.89,0.567,0.43,1.21,0.359,1.19,1.75,0.677
Justise Winslow,2016-2017,REG,Heat,18,34.74,10.89,1.28,3.94,5.22,3.61,1.5,0.33,1.83,2.89,4.44,12.72,0.349,0.39,2.06,0.189,1.61,2.61,0.617
Willie Cauley-Stein,2016-2017,REG,Kings,71,18.55,7.73,1.07,3.17,4.24,1.01,0.7,0.58,0.92,1.96,3.21,6.03,0.533,0,0.03,0,1.31,1.97,0.664
Kelly Oubre,2016-2017,REG,Wizards,75,19.72,6.11,0.75,2.48,3.23,0.57,0.69,0.2,0.6,2.51,2.27,5.39,0.421,0.69,2.39,0.29,0.88,1.16,0.759
Frank Kaminsky,2016-2017,REG,Hornets,72,26.13,11.9,0.79,3.81,4.6,2.04,0.68,0.49,1.04,1.89,4.33,10.68,0.406,1.61,4.76,0.338,1.63,2.14,0.76
Devin Booker,2016-2017,REG,Suns,76,35.13,21.95,0.62,2.58,3.2,3.43,0.93,0.26,3.14,3.13,7.7,18.24,0.422,1.86,5.16,0.36,4.7,5.63,0.834
Cameron Payne,2016-2017,REG,"Thunder, Bulls",30,15.34,5.33,0.1,1.47,1.57,1.83,0.47,0.17,1,1.7,2.13,6.43,0.332,0.9,2.87,0.314,0.17,0.27,0.625
Myles Turner,2016-2017,REG,Pacers,77,31.48,14.34,1.68,5.44,7.12,1.34,0.91,2.09,1.27,3.25,5.43,10.74,0.505,0.51,1.49,0.339,2.97,3.7,0.804
Trey Lyles,2016-2017,REG,Jazz,69,16.57,6.29,0.68,2.64,3.32,1.01,0.38,0.29,0.9,1.39,2.29,6.29,0.364,0.93,2.94,0.315,0.78,1.09,0.72
Stanley Johnson,2016-2017,REG,Pistons,73,17.38,4.29,0.48,1.99,2.47,1.3,0.74,0.33,0.93,1.56,1.64,4.58,0.359,0.53,1.93,0.277,0.47,0.7,0.667
Jerian Grant,2016-2017,REG,Bulls,59,15.56,5.39,0.29,1.29,1.58,1.64,0.69,0.12,0.68,1.46,1.83,4.47,0.409,0.71,1.98,0.359,1.02,1.15,0.882
Bobby Portis,2016-2017,REG,Bulls,60,15.32,6.57,1.13,3.18,4.32,0.48,0.22,0.18,0.58,1.52,2.75,5.73,0.48,0.45,1.45,0.31,0.62,0.92,0.673
Kevon Looney,2016-2017,REG,Warriors,53,8.43,2.55,0.83,1.51,2.34,0.55,0.26,0.32,0.32,1.21,1.06,2.02,0.523,0.04,0.17,0.222,0.4,0.64,0.618
Rashad Vaughn,2016-2017,REG,Bucks,38,10.65,3.26,0.05,1.13,1.18,0.47,0.5,0.24,0.24,0.74,1.29,3.61,0.358,0.63,1.97,0.32,0.05,0.11,0.5
Christian Wood,2016-2017,REG,Hornets,12,7.82,2.58,1.08,1.08,2.17,0.17,0.25,0.5,0.5,0.83,0.83,1.67,0.5,0,0.42,0,0.92,1.08,0.846
Jordan Mickey,2016-2017,REG,Celtics,24,5.87,1.58,0.54,0.88,1.42,0.29,0.13,0.25,0.38,0.5,0.63,1.42,0.441,0,0.04,0,0.33,0.58,0.571
Rakeem Christmas,2016-2017,REG,Pacers,26,8.33,2.23,1.04,1.15,2.19,0.15,0.12,0.23,0.31,1.42,0.73,1.62,0.452,0,0,0,0.77,1.04,0.741
Rondae Hollis-Jefferson,2016-2017,REG,Nets,74,22.15,8.51,1.22,4.42,5.64,1.93,1.03,0.54,1.46,2.31,2.99,6.8,0.439,0.19,0.86,0.219,2.35,3.19,0.737
Terry Rozier,2016-2017,REG,Celtics,72,17.35,5.67,0.54,2.51,3.06,1.75,0.6,0.11,0.65,0.93,2.08,5.67,0.368,0.79,2.47,0.32,0.71,0.92,0.773
Norman Powell,2016-2017,REG,Raptors,74,17.98,8.23,0.34,1.88,2.22,1.07,0.65,0.19,0.95,1.68,2.92,6.65,0.439,0.72,2.26,0.317,1.68,2.12,0.79
Chasson Randle,2016-2017,REG,"76ers, Knicks",23,10.47,4.96,0.26,0.96,1.22,1.39,0.3,0.09,0.48,1.48,1.43,3.52,0.407,0.61,1.74,0.35,1.48,1.57,0.944
Jarell Martin,2016-2017,REG,Grizzlies,40,13.45,3.88,0.93,2.93,3.85,0.18,0.4,0.2,0.68,2.25,1.35,3.6,0.375,0.23,0.65,0.346,0.95,1.2,0.792
Quinn Cook,2016-2017,REG,"Mavericks, Pelicans",10,8.97,3.5,0,0.4,0.4,1.4,0.2,0,0.8,0.8,1.4,2.9,0.483,0.7,1.8,0.389,0,0.2,0
Chris McCullough,2016-2017,REG,"Nets, Wizards",15,4.93,2.4,0.6,0.6,1.2,0.13,0.07,0.13,0.13,0.47,1.07,2.07,0.516,0.07,0.4,0.167,0.2,0.33,0.6
Pat Connaughton,2016-2017,REG,Trail Blazers,36,6.61,1.72,0.28,0.81,1.08,0.5,0.14,0.06,0.33,0.47,0.64,1.31,0.489,0.25,0.53,0.474,0.19,0.25,0.778
Willy Hernangomez,2016-2017,REG,Knicks,68,17.88,7.82,2.25,4.53,6.78,1.24,0.51,0.53,1.37,2.04,3.34,6.25,0.534,0.04,0.21,0.214,1.1,1.54,0.714
Josh Richardson,2016-2017,REG,Heat,49,29.75,9.9,0.61,2.57,3.18,2.59,0.98,0.71,1.2,2.53,3.71,9.51,0.391,1.35,4.2,0.32,1.12,1.47,0.764
Darrun Hilliard,2016-2017,REG,Pistons,36,9.17,2.78,0.06,0.83,0.89,0.81,0.25,0.03,0.58,0.89,1,2.94,0.34,0.25,1.06,0.237,0.53,0.72,0.731
Joe Young,2016-2017,REG,Pacers,31,4.27,2.13,0.03,0.48,0.52,0.48,0.13,0,0.16,0.16,0.81,2.26,0.357,0.16,0.74,0.217,0.35,0.48,0.733
Treveon Graham,2016-2017,REG,Hornets,24,5.89,1.33,0.13,0.54,0.67,0.21,0.08,0.04,0.08,0.67,0.38,1,0.375,0.25,0.42,0.6,0.33,0.5,0.667
Larry Nance Jr.,2016-2017,REG,Lakers,59,22.35,7.02,1.8,3.8,5.59,1.44,1.25,0.61,0.9,2.36,2.98,5.61,0.532,0.14,0.49,0.276,0.92,1.25,0.73
Mario Hezonja,2016-2017,REG,Magic,61,14.21,4.62,0.3,1.85,2.15,0.95,0.41,0.2,0.9,1.11,1.72,4.97,0.347,0.61,2.15,0.282,0.57,0.72,0.796
Alan Williams,2016-2017,REG,Suns,44,14.55,7,2.05,4.16,6.2,0.43,0.61,0.75,0.84,2.61,2.82,5.57,0.506,0,0.02,0,1.36,2.25,0.606
Cristiano Felicio,2016-2017,REG,Bulls,62,15.93,4.9,1.95,2.79,4.74,0.61,0.37,0.27,0.52,1.71,1.97,3.44,0.573,0,0,0,0.97,1.48,0.652
Boban Marjanovic,2016-2017,REG,Pistons,30,6.74,4.27,1.03,1.93,2.97,0.23,0.1,0.3,0.23,0.53,1.53,2.93,0.523,0,0,0,1.2,1.5,0.8
Axel Toupane,2016-2017,REG,Bucks,2,3.03,0,0,0,0,0,0,0,0,0.5,0,0.5,0,0,0.5,0,0,0,0
Maurice Ndour,2016-2017,REG,Knicks,28,8.27,2.46,0.57,1.21,1.79,0.18,0.46,0.11,0.32,0.89,0.96,2.18,0.443,0.04,0.25,0.143,0.5,0.64,0.778
Salah Mejri,2016-2017,REG,Mavericks,69,12.59,2.81,1.33,3.03,4.36,0.19,0.46,0.9,0.58,2.12,1.16,1.81,0.64,0,0.03,0,0.49,0.83,0.597
Marcelo Huertas,2016-2017,REG,Lakers,23,10.29,2.74,0.09,0.96,1.04,2.26,0.43,0.09,0.83,0.7,1.09,2.96,0.368,0.17,0.83,0.211,0.39,0.74,0.529
Quincy Acy,2016-2017,REG,Nets,1,1.3,4,1,0,1,0,0,0,0,0,1,1,1,1,1,1,1,3,0.333
Jonathan Gibson,2016-2017,REG,Mavericks,17,13.6,6.24,0.06,1.24,1.29,1.59,0.47,0,1.24,1.24,2.06,5.59,0.368,0.88,2.65,0.333,1.24,1.71,0.724
Malcolm Delaney,2016-2017,REG,Hawks,69,17.01,5.26,0.16,1.55,1.71,2.55,0.54,0.01,1.32,1.55,1.99,5.29,0.375,0.33,1.45,0.23,0.96,1.22,0.786
Briante Weber,2016-2017,REG,"Warriors, Hornets",18,8.9,2.72,0.39,0.83,1.22,0.94,0.61,0.06,0.28,0.67,1.17,2.61,0.447,0,0.33,0,0.39,0.56,0.7
Dragan Bender,2016-2017,REG,Suns,40,12.67,3.25,0.53,1.75,2.28,0.43,0.25,0.5,0.73,1.6,1.25,3.4,0.368,0.68,2.15,0.314,0.08,0.25,0.3
Domantas Sabonis,2016-2017,REG,Thunder,77,20.31,5.87,0.55,2.99,3.53,1.01,0.45,0.42,1.04,2.48,2.38,5.84,0.407,0.64,1.94,0.329,0.48,0.77,0.627
Wade Baldwin,2016-2017,REG,Grizzlies,30,12.41,2.93,0.3,1.07,1.37,2.03,0.53,0.23,1.2,1.27,0.97,3.23,0.299,0.07,0.67,0.1,0.93,1.13,0.824
Malik Beasley,2016-2017,REG,Nuggets,19,4.75,2.63,0.11,0.37,0.47,0.32,0.21,0,0.26,0.32,1,2.32,0.432,0.32,0.89,0.353,0.32,0.42,0.75
Marquese Chriss,2016-2017,REG,Suns,79,21.17,9.09,1.2,3.05,4.25,0.71,0.81,0.85,1.32,3.25,3.44,7.68,0.448,0.87,2.75,0.318,1.33,2.14,0.621
Deyonta Davis,2016-2017,REG,Grizzlies,33,6.43,1.7,0.55,1.18,1.73,0.06,0.06,0.48,0.24,1.06,0.7,1.3,0.535,0,0,0,0.3,0.55,0.555
Kris Dunn,2016-2017,REG,Timberwolves,73,17.11,3.81,0.32,1.85,2.16,2.26,1.03,0.47,1.15,2.27,1.52,3.99,0.381,0.27,0.96,0.286,0.49,0.81,0.61
Henry Ellenson,2016-2017,REG,Pistons,15,3.81,1.4,0.13,0.67,0.8,0.27,0,0,0.4,0.2,0.53,1.53,0.348,0.27,0.93,0.286,0.07,0.07,1
Buddy Hield,2016-2017,REG,"Pelicans, Kings",78,22.51,10.14,0.41,2.81,3.22,1.42,0.46,0.12,1.18,1.32,3.81,9,0.423,1.77,4.54,0.39,0.76,0.87,0.868
Brandon Ingram,2016-2017,REG,Lakers,75,28.88,9.2,0.69,3.35,4.04,2.04,0.56,0.47,1.43,2,3.41,8.41,0.406,0.72,2.43,0.297,1.65,2.65,0.623
Demetrius Jackson,2016-2017,REG,Celtics,5,3.4,2,0.4,0.4,0.8,0.6,0,0,0,0,0.6,0.8,0.75,0.2,0.2,1,0.6,1.2,0.5
Brice Johnson,2016-2017,REG,Clippers,2,3.28,1,0.5,1,1.5,0.5,0.5,0.5,0.5,0,0.5,2,0.25,0,0,0,0,0,0
Damian Jones,2016-2017,REG,Warriors,9,7.33,1.67,1,0.78,1.78,0,0.11,0.22,0.56,1.33,0.67,1.44,0.462,0,0,0,0.33,0.89,0.375
Skal Labissiere,2016-2017,REG,Kings,29,16.87,7.79,1.55,3.34,4.9,0.72,0.45,0.34,1.24,1.83,3.21,6.14,0.522,0.07,0.21,0.333,1.31,1.93,0.679
Caris LeVert,2016-2017,REG,Nets,53,21.36,7.68,0.45,2.75,3.21,1.96,0.91,0.11,1.02,1.58,2.79,6.26,0.446,0.96,3.04,0.317,1.13,1.57,0.723
Thon Maker,2016-2017,REG,Bucks,53,9.26,3.92,0.58,1.17,1.75,0.32,0.21,0.4,0.25,1.4,1.43,3.11,0.461,0.53,1.34,0.394,0.53,0.85,0.622
Dejounte Murray,2016-2017,REG,Spurs,37,8.55,3.46,0.16,0.97,1.14,1.32,0.22,0.14,1.03,0.76,1.32,3.11,0.426,0.24,0.62,0.391,0.57,0.81,0.7
Jamal Murray,2016-2017,REG,Nuggets,78,20.73,9.46,0.5,2.04,2.54,1.86,0.65,0.29,1.35,1.54,3.44,8.65,0.397,1.37,4.12,0.333,1.22,1.4,0.872
Jakob Poeltl,2016-2017,REG,Raptors,51,11.49,2.94,1.45,1.53,2.98,0.2,0.35,0.37,0.57,2.04,1.18,2.12,0.556,0,0,0,0.59,1.08,0.545
Taurean Prince,2016-2017,REG,Hawks,54,15.6,5.26,0.43,2.2,2.63,0.78,0.76,0.46,0.98,1.5,1.76,4.5,0.391,0.5,1.59,0.314,1.24,1.56,0.798
Diamond Stone,2016-2017,REG,Clippers,7,3.46,1.43,0.14,0.71,0.86,0,0,0.14,0.29,0.71,0.43,1.86,0.231,0,0,0,0.57,0.57,1
Tyler Ulis,2016-2017,REG,Suns,58,17.5,6.64,0.33,1.22,1.55,3.53,0.76,0.07,1.21,1.21,2.81,6.78,0.415,0.28,1.16,0.239,0.74,0.98,0.754
Denzel Valentine,2016-2017,REG,Bulls,53,17.55,5.28,0.19,2.55,2.74,1.11,0.55,0.13,0.87,1.49,1.85,5.21,0.355,1.32,3.77,0.35,0.26,0.34,0.778
Stephen Zimmerman,2016-2017,REG,Magic,17,5.31,1.24,0.53,1.24,1.76,0.18,0.12,0.18,0.06,0.71,0.53,1.47,0.36,0,0,0,0.18,0.29,0.6
Ron Baker,2016-2017,REG,Knicks,48,15.25,3.79,0.23,1.56,1.79,1.79,0.69,0.15,1.02,1.38,1.42,3.81,0.372,0.44,1.48,0.296,0.52,0.81,0.641
Jaylen Brown,2016-2017,REG,Celtics,74,17.16,6.55,0.57,2.3,2.86,0.8,0.47,0.24,0.85,1.86,2.43,5.36,0.453,0.57,1.69,0.336,1.12,1.64,0.686
DeAndre Bembry,2016-2017,REG,Hawks,34,9.26,2.53,0.35,1.03,1.38,0.68,0.18,0.12,0.32,0.47,1.18,2.56,0.46,0,0.44,0,0.18,0.47,0.375
Joel Bolomboy,2016-2017,REG,Jazz,11,3.43,1.82,0.09,1,1.09,0.18,0.09,0.18,0.18,0.09,0.73,1.18,0.615,0.09,0.27,0.333,0.27,0.55,0.5
Malcolm Brogdon,2016-2017,REG,Bucks,73,26.49,10.29,0.6,2.15,2.75,4.29,1.14,0.15,1.49,1.92,3.88,8.45,0.459,1.04,2.55,0.409,1.49,1.73,0.865
Cheick Diallo,2016-2017,REG,Pelicans,13,8.03,3.31,1,1.62,2.62,0.23,0.23,0.23,0.15,0.69,1.38,3.46,0.4,0,0.08,0,0.54,0.77,0.7
Kay Felder,2016-2017,REG,Cavaliers,41,9.24,3.95,0.07,0.9,0.98,1.32,0.41,0.17,0.73,0.93,1.46,3.78,0.387,0.17,0.54,0.318,0.85,1.2,0.714
Michael Gbinije,2016-2017,REG,Pistons,9,3.51,0.44,0.22,0.11,0.33,0.22,0,0,0,0.22,0.11,1.11,0.1,0,0.44,0,0.22,0.22,1
AJ Hammons,2016-2017,REG,Mavericks,18,5.73,1.83,0.33,1.17,1.5,0.11,0.06,0.5,0.28,0.78,0.67,1.56,0.429,0.28,0.5,0.556,0.22,0.67,0.333
Jake Layman,2016-2017,REG,Trail Blazers,32,5.66,2,0.06,0.41,0.47,0.22,0.22,0.06,0.19,0.59,0.63,2,0.313,0.34,1.31,0.262,0.41,0.53,0.765
Patrick McCaw,2016-2017,REG,Warriors,68,14.68,3.79,0.28,1.13,1.41,1.1,0.44,0.21,0.49,0.85,1.43,3.24,0.441,0.57,1.65,0.348,0.37,0.49,0.757
Georges Niang,2016-2017,REG,Pacers,23,4.03,0.91,0.09,0.65,0.74,0.22,0.13,0,0.22,0.26,0.39,1.57,0.25,0.04,0.52,0.083,0.09,0.09,1
Chinanu Onuaku,2016-2017,REG,Rockets,2,4.92,3,0.5,1,1.5,0.5,0.5,0,0,0.5,1,1,1,0,0,0,1,1,1
Gary Payton II,2016-2017,REG,Bucks,2,19.33,5.5,0,1.5,1.5,1.5,1,0.5,2,0.5,2,5.5,0.364,0.5,2,0.25,1,1.5,0.667
Malachi Richardson,2016-2017,REG,Kings,22,9.01,3.59,0.14,0.91,1.05,0.5,0.23,0.05,0.36,1.05,1.27,3.09,0.412,0.36,1.27,0.286,0.68,0.86,0.789
Wayne Selden,2016-2017,REG,"Pelicans, Grizzlies",11,13.24,3.91,0,1.09,1.09,0.73,0.55,0.09,0.73,1.09,1.27,3.18,0.4,0.45,2,0.227,0.91,1.45,0.625
Pascal Siakam,2016-2017,REG,Raptors,54,15.39,4.09,1.13,2.09,3.22,0.31,0.46,0.83,0.59,1.96,1.83,3.65,0.503,0.02,0.11,0.167,0.41,0.59,0.687
Jarrod Uthoff,2016-2017,REG,Mavericks,5,5.87,1.6,0.6,0.4,1,0.4,0.2,0.2,0.2,0.6,0.8,2.6,0.308,0,0.6,0,0,0,0
Isaiah Whitehead,2016-2017,REG,Nets,69,22.4,7.51,0.42,2.04,2.46,2.59,0.59,0.46,1.97,2.45,2.81,6.91,0.407,0.61,1.99,0.307,1.28,1.57,0.815
Troy Williams,2016-2017,REG,"Grizzlies, Rockets",26,18.14,5.85,0.31,1.69,2,0.85,1.04,0.35,1.12,1.96,2.31,5.38,0.429,0.62,2,0.308,0.62,1.04,0.593
Kyle Wiltjer,2016-2017,REG,Rockets,13,3.27,1,0.31,0.46,0.77,0.15,0.23,0.08,0.38,0.31,0.31,1.08,0.286,0.31,1,0.308,0.08,0.15,0.5
Timothe Luwawu,2016-2017,REG,76ers,65,16.33,5.8,0.35,1.72,2.08,0.97,0.37,0.15,1.03,2.17,1.89,4.8,0.394,0.65,2.15,0.3,1.37,1.63,0.84
Ben Bentil,2016-2017,REG,Mavericks,3,3.29,0,0,0.67,0.67,0,0,0,0.33,0.33,0,1,0,0,0.33,0,0,0,0
Yogi Ferrell,2016-2017,REG,"Nets, Mavericks",42,25.54,9.83,0.43,1.9,2.33,3.71,1,0.19,1.5,1.88,3.38,8.19,0.413,1.48,3.71,0.397,1.6,1.93,0.827
Sheldon McClellan,2016-2017,REG,Wizards,29,8.68,2.48,0.14,0.9,1.03,0.52,0.28,0.07,0.1,0.55,0.83,2.21,0.375,0.21,0.9,0.231,0.62,0.72,0.857
Alex Poythress,2016-2017,REG,76ers,2,26.06,10.5,3,2,5,2,0.5,0.5,0,2.5,4,9,0.444,0.5,2.5,0.2,2,3,0.667
Tim Quarterman,2016-2017,REG,Trail Blazers,13,3.36,1.46,0.15,0.31,0.46,0.62,0.08,0.15,0.31,0.31,0.62,0.85,0.727,0.23,0.31,0.75,0,0,0
Isaiah Taylor,2016-2017,REG,Rockets,1,15.37,3,0,1,1,0,1,1,0,2,1,3,0.333,0,1,0,1,2,0.5
Juan Hernangomez,2016-2017,REG,Nuggets,58,13.16,4.72,0.72,2.21,2.93,0.48,0.47,0.24,0.45,1,1.55,3.28,0.474,0.69,1.57,0.44,0.93,1.24,0.75
Ivica Zubac,2016-2017,REG,Lakers,38,16.01,7.47,1.05,3.08,4.13,0.79,0.37,0.89,0.79,1.74,3.32,6.24,0.532,0,0.08,0,0.84,1.29,0.653
Dorian Finney-Smith,2016-2017,REG,Mavericks,77,19.76,4.26,0.61,1.97,2.58,0.74,0.64,0.3,0.56,1.52,1.49,3.9,0.383,0.7,2.3,0.305,0.57,0.77,0.746
Fred VanVleet,2016-2017,REG,Raptors,35,7.77,2.91,0.11,0.94,1.06,0.8,0.49,0.06,0.43,0.94,1.06,2.94,0.359,0.31,0.8,0.393,0.49,0.57,0.85
Nik Stauskas,2016-2017,REG,76ers,76,27.35,9.32,0.26,2.55,2.82,2.33,0.58,0.41,1.62,1.82,3.12,7.82,0.399,1.63,4.43,0.368,1.45,1.8,0.803
Rodney Hood,2016-2017,REG,Jazz,56,27.27,12.88,0.25,3.14,3.39,1.63,0.66,0.16,1.11,2.25,4.7,11.3,0.415,1.98,5.2,0.381,1.5,1.93,0.778
Glenn Robinson,2016-2017,REG,Pacers,69,20.68,6.09,0.83,2.74,3.57,0.68,0.59,0.3,0.54,0.91,2.29,4.91,0.466,0.72,1.83,0.397,0.78,1.1,0.711
James Young,2016-2017,REG,Celtics,28,7.74,2.39,0.21,0.71,0.93,0.14,0.36,0.07,0.14,0.54,0.89,2.04,0.439,0.43,1.21,0.353,0.18,0.25,0.714
Jerami Grant,2016-2017,REG,"76ers, Thunder",76,19.1,5.42,0.46,2.03,2.49,0.58,0.42,0.97,0.58,1.84,1.88,4.08,0.461,0.53,1.45,0.364,1.13,1.86,0.61
Joe Harris,2016-2017,REG,Nets,52,21.89,8.23,0.31,2.52,2.83,1.04,0.58,0.15,1.06,2.33,2.96,6.94,0.427,1.63,4.23,0.386,0.67,0.94,0.714
Doug McDermott,2016-2017,REG,"Bulls, Thunder",65,22.58,8.94,0.31,2.38,2.69,0.91,0.2,0.08,0.58,1.18,3.35,7.51,0.447,1.15,3.09,0.373,1.08,1.26,0.854
Sean Kilpatrick,2016-2017,REG,Nets,70,25.05,13.1,0.31,3.69,4,2.26,0.66,0.09,1.94,1.69,4.34,10.49,0.414,1.5,4.4,0.341,2.91,3.46,0.843
Aaron Gordon,2016-2017,REG,Magic,76,28.48,12.36,1.42,3.51,4.93,1.88,0.78,0.5,1.13,2.13,4.76,10.66,0.447,0.96,3.33,0.289,1.87,2.66,0.703
TJ Warren,2016-2017,REG,Suns,63,30.93,14.17,1.87,3.05,4.92,1.16,1.14,0.6,0.92,2.68,6.02,12.24,0.492,0.37,1.48,0.247,1.78,2.32,0.767
Lamar Patterson,2016-2017,REG,Hawks,5,8.07,1.8,0.2,1.2,1.4,1.2,0.2,0,0.8,1.2,0.6,3,0.2,0.2,1.2,0.167,0.4,0.6,0.667
Marcus Smart,2016-2017,REG,Celtics,75,30.33,10.53,1,2.88,3.88,4.51,1.53,0.36,2.05,2.43,3.43,9.56,0.358,1.13,4.12,0.275,2.55,3.16,0.806
Kyle Anderson,2016-2017,REG,Spurs,68,13.64,3.28,0.43,2.35,2.78,1.16,0.65,0.35,0.51,0.82,1.24,2.72,0.454,0.21,0.51,0.4,0.6,0.74,0.82
Dwight Powell,2016-2017,REG,Mavericks,73,16.7,6.32,1.23,2.74,3.97,0.63,0.77,0.52,0.41,1.73,2.41,4.56,0.529,0.15,0.6,0.25,1.34,1.75,0.766
Adreian Payne,2016-2017,REG,Timberwolves,16,8,3.94,0.56,1.44,2,0.38,0.5,0.44,0.5,1.88,1.44,3.31,0.434,0.19,0.88,0.214,0.88,1.19,0.737
Noah Vonleh,2016-2017,REG,Trail Blazers,70,16.23,4.17,1.51,3.37,4.89,0.37,0.43,0.31,0.89,2.04,1.66,3.5,0.473,0.1,0.29,0.35,0.76,1.23,0.616
Julius Randle,2016-2017,REG,Lakers,70,29.01,13.04,2.03,6.66,8.69,3.64,0.69,0.51,2.41,3.39,5.03,10.5,0.479,0.24,0.86,0.283,2.74,3.79,0.725
Spencer Dinwiddie,2016-2017,REG,Nets,55,22.45,7.22,0.42,2.31,2.73,3.16,0.71,0.42,1.13,2,2.25,5.13,0.44,0.62,1.64,0.378,2.09,2.67,0.782
CJ Wilcox,2016-2017,REG,Magic,22,4.9,0.95,0.18,0.36,0.55,0.55,0.09,0.05,0.27,0.36,0.36,1.41,0.258,0.14,0.68,0.2,0.09,0.09,1
Gary Harris,2016-2017,REG,Nuggets,54,31,14.98,0.89,2.22,3.11,2.59,1.28,0.15,1.31,1.65,5.67,11.19,0.507,1.85,4.41,0.42,1.8,2.31,0.776
KJ McDaniels,2016-2017,REG,"Rockets, Nets",46,9.78,4,0.3,1.17,1.48,0.26,0.35,0.3,0.52,1.07,1.52,3.22,0.473,0.41,1.26,0.328,0.54,0.65,0.833
Tyler Ennis,2016-2017,REG,"Rockets, Lakers",49,9.69,3.78,0.2,0.65,0.86,1.43,0.47,0,0.78,1.02,1.51,3.53,0.428,0.43,1.08,0.396,0.33,0.39,0.842
Elfrid Payton,2016-2017,REG,Magic,78,29.36,12.59,1.12,3.63,4.74,6.29,1.08,0.5,2.14,2.18,5.15,10.96,0.47,0.47,1.78,0.266,1.81,2.62,0.691
Semaj Christon,2016-2017,REG,Thunder,60,14.73,2.85,0.3,1.1,1.4,2.03,0.45,0.12,0.72,1.17,1.2,3.47,0.346,0.17,0.95,0.175,0.28,0.52,0.548
Jordan Clarkson,2016-2017,REG,Lakers,78,29.21,14.64,0.6,2.37,2.97,2.55,1.1,0.12,2.03,1.86,5.78,13.06,0.443,1.41,4.29,0.328,1.67,2.06,0.807
Shabazz Napier,2016-2017,REG,Trail Blazers,50,8.96,3.22,0.12,0.88,1,1.2,0.64,0.04,0.66,0.64,1.08,2.94,0.367,0.54,1.62,0.333,0.52,0.7,0.743
Jordan McRae,2016-2017,REG,Cavaliers,37,10.37,4.35,0.16,0.92,1.08,0.51,0.22,0.16,0.38,0.84,1.57,4.05,0.387,0.49,1.38,0.353,0.73,0.92,0.794
Zach LaVine,2016-2017,REG,Timberwolves,47,37.21,18.91,0.4,3,3.4,2.98,0.87,0.21,1.81,2.21,6.94,15.09,0.46,2.55,6.57,0.388,2.49,2.98,0.836
Alex Abrines,2016-2017,REG,Thunder,66,15.49,5.89,0.23,0.97,1.2,0.59,0.55,0.12,0.47,1.71,1.94,4.95,0.391,1.35,3.62,0.372,0.67,0.74,0.898
Matthew Dellavedova,2016-2017,REG,Bucks,73,26.17,7.53,0.29,1.66,1.95,4.81,0.71,0.01,1.77,2,2.71,6.95,0.391,1.01,2.77,0.366,1.1,1.29,0.851
Solomon Hill,2016-2017,REG,Pelicans,76,29.6,7.04,0.63,3.14,3.78,1.79,0.86,0.39,1.03,2.3,2.29,5.87,0.39,1.21,3.38,0.358,1.25,1.54,0.812
Raul Neto,2016-2017,REG,Jazz,39,8.54,2.56,0.1,0.62,0.72,0.82,0.54,0.08,0.36,1.18,1.05,2.31,0.456,0.26,0.77,0.333,0.21,0.23,0.889
Ryan Kelly,2016-2017,REG,Hawks,14,4.9,0.93,0,0.86,0.86,0.36,0.29,0.14,0.21,0.29,0.29,1.07,0.267,0.14,0.43,0.333,0.21,0.29,0.75
Joffrey Lauvergne,2016-2017,REG,"Thunder, Bulls",66,14.32,5.38,1,2.59,3.59,1,0.35,0.09,0.79,1.23,2.11,4.8,0.438,0.5,1.44,0.347,0.67,1.08,0.62
Ian Clark,2016-2017,REG,Warriors,74,14.41,6.8,0.28,1.26,1.54,1.08,0.5,0.11,0.7,0.97,2.7,5.49,0.493,0.81,2.07,0.392,0.58,0.77,0.754
Seth Curry,2016-2017,REG,Mavericks,70,28.98,12.83,0.36,2.19,2.54,2.69,1.13,0.09,1.31,1.8,4.83,10.03,0.481,1.96,4.59,0.427,1.21,1.43,0.85
Troy Daniels,2016-2017,REG,Grizzlies,64,17.77,8.44,0.31,1.2,1.52,0.67,0.33,0.03,0.66,1.33,2.83,7.45,0.379,2.11,5.42,0.389,0.67,0.84,0.796
Rodney McGruder,2016-2017,REG,Heat,74,25.36,6.43,1.18,2.14,3.31,1.59,0.59,0.24,0.66,1.82,2.45,5.93,0.412,0.96,2.88,0.333,0.58,0.92,0.632
Jonathon Simmons,2016-2017,REG,Spurs,74,17.62,6.14,0.26,1.76,2.01,1.59,0.62,0.34,1,1.92,2.23,5.22,0.427,0.41,1.27,0.319,1.27,1.66,0.764
Lucas Nogueira,2016-2017,REG,Raptors,56,19.21,4.52,1.43,2.84,4.27,0.71,0.88,1.61,0.82,2.43,1.84,2.73,0.673,0.05,0.18,0.3,0.79,1.2,0.657
James Ennis,2016-2017,REG,Grizzlies,63,23.47,6.73,1.1,2.95,4.05,1,0.71,0.3,0.92,2.6,2.29,5.05,0.453,0.79,2.13,0.373,1.37,1.75,0.782
Tony Snell,2016-2017,REG,Bucks,77,29.2,8.49,0.29,2.88,3.17,1.21,0.65,0.18,0.65,1.58,3.05,6.74,0.453,1.78,4.45,0.399,0.61,0.75,0.81
Trey Burke,2016-2017,REG,Wizards,55,12.08,4.69,0.13,0.71,0.84,1.73,0.18,0.09,0.8,0.96,1.93,4.38,0.44,0.47,1.15,0.413,0.36,0.49,0.741
Victor Oladipo,2016-2017,REG,Thunder,63,33.39,16.22,0.56,3.71,4.27,2.57,1.21,0.33,1.65,2.35,6.25,13.98,0.447,1.98,5.35,0.371,1.73,2.25,0.768
Giannis Antetokounmpo,2016-2017,REG,Bucks,77,35.5,23.08,1.83,6.88,8.71,5.35,1.66,1.88,2.88,3.13,8.27,15.81,0.523,0.64,2.29,0.278,5.9,7.64,0.772
Pierre Jackson,2016-2017,REG,Mavericks,8,10.55,4.38,0.13,1,1.13,2.38,0.25,0,0.38,0.63,1.63,4.88,0.333,0.38,1.38,0.273,0.75,0.88,0.857
Steven Adams,2016-2017,REG,Thunder,76,30.09,11.38,3.41,4.21,7.62,1.07,1.08,1.01,1.86,2.43,4.7,8.18,0.574,0,0.03,0,1.99,3.28,0.606
Tim Hardaway Jr.,2016-2017,REG,Hawks,75,27.04,14.24,0.44,2.27,2.71,2.21,0.71,0.21,1.37,1.28,5.15,11.45,0.449,1.88,5.29,0.355,2.07,2.68,0.771
Otto Porter,2016-2017,REG,Wizards,78,32.92,13.55,1.42,4.97,6.4,1.55,1.5,0.53,0.54,2.42,5.23,10.12,0.517,1.88,4.32,0.436,1.21,1.46,0.825
Reggie Bullock,2016-2017,REG,Pistons,27,13.73,3.44,0.37,1.56,1.93,0.74,0.48,0.11,0.37,0.67,1.37,3.67,0.374,0.52,1.93,0.269,0.19,0.26,0.714
Robert Covington,2016-2017,REG,76ers,67,31.62,12.9,1.36,5.12,6.48,1.54,1.87,1.03,1.94,3.03,4.36,10.96,0.398,2.04,6.16,0.332,2.13,2.6,0.822
Rudy Gobert,2016-2017,REG,Jazz,77,34.07,14,3.94,8.94,12.87,1.25,0.64,2.66,1.83,3.01,5.05,7.61,0.664,0,0.01,0,3.9,5.97,0.652
Shabazz Muhammad,2016-2017,REG,Timberwolves,73,19.58,9.74,1.11,1.81,2.92,0.45,0.26,0.07,0.7,1.1,3.62,7.56,0.478,0.64,1.82,0.353,1.86,2.4,0.777
Michael Carter-Williams,2016-2017,REG,Bulls,41,19.39,6.93,0.59,3,3.59,2.56,0.78,0.54,1.56,2.29,2.61,6.93,0.377,0.34,1.49,0.23,1.37,1.83,0.747
Mike Muscala,2016-2017,REG,Hawks,65,17.41,6,1.12,2.28,3.4,1.23,0.43,0.62,0.77,1.38,2.32,4.71,0.493,0.63,1.54,0.41,0.72,0.95,0.758
Mason Plumlee,2016-2017,REG,"Trail Blazers, Nuggets",77,26.44,10.34,2.12,5.51,7.62,3.64,0.87,1.12,1.62,2.74,4.09,7.65,0.535,0,0.08,0,2.16,3.7,0.582
Jeff Withey,2016-2017,REG,Jazz,48,8.72,2.96,1.04,1.42,2.46,0.15,0.33,0.63,0.31,1.04,1.13,2.1,0.535,0,0.02,0,0.71,0.92,0.773
Kelly Olynyk,2016-2017,REG,Celtics,71,20.39,9,0.99,3.68,4.66,1.9,0.59,0.38,1.31,2.69,3.45,6.68,0.517,0.92,2.52,0.363,1.18,1.63,0.724
Kentavious Caldwell-Pope,2016-2017,REG,Pistons,73,33.54,13.97,0.74,2.49,3.23,2.58,1.19,0.16,1.14,1.53,4.95,12.29,0.402,2.04,5.74,0.356,2.04,2.45,0.832
Isaiah Canaan,2016-2017,REG,Bulls,37,15.76,4.76,0.16,1.11,1.27,0.92,0.59,0.03,0.51,0.95,1.68,4.57,0.367,0.65,2.46,0.264,0.76,0.84,0.903
Gorgui Dieng,2016-2017,REG,Timberwolves,77,32.26,9.99,2.29,5.62,7.91,1.91,1.06,1.14,1.31,3.1,4.06,8.14,0.499,0.21,0.55,0.381,1.65,2.05,0.804
Dennis Schroder,2016-2017,REG,Hawks,76,31.56,18.09,0.55,2.62,3.17,6.36,0.93,0.2,3.3,1.86,7,15.58,0.449,1.26,3.76,0.336,2.83,3.32,0.853
Dewayne Dedmon,2016-2017,REG,Spurs,72,17.51,5.11,1.51,4.81,6.32,0.58,0.56,0.85,0.79,2.38,2.11,3.26,0.647,0,0,0,0.89,1.21,0.736
CJ McCollum,2016-2017,REG,Trail Blazers,78,34.94,23.21,0.74,2.95,3.69,3.54,0.91,0.56,2.18,2.56,8.72,17.99,0.485,2.33,5.54,0.421,3.44,3.77,0.912
Cody Zeller,2016-2017,REG,Hornets,59,27.9,10.41,2.22,4.31,6.53,1.59,0.93,1.05,1.08,3.08,4.15,7.24,0.574,0,0.02,0,2.1,3.17,0.663
Ben McLemore,2016-2017,REG,Kings,57,18.73,7.72,0.32,1.54,1.86,0.82,0.47,0.11,1.04,1.67,2.84,6.63,0.429,1.04,2.68,0.386,1,1.32,0.76
Archie Goodwin,2016-2017,REG,"Pelicans, Nets",11,12.61,6.82,0.27,0.91,1.18,1.45,0.18,0.36,0.55,0.45,2.09,3.55,0.59,0.27,0.82,0.333,2.36,2.73,0.867
Anthony Bennett,2016-2017,REG,Nets,23,11.48,5,1.09,2.3,3.39,0.48,0.22,0.13,0.52,0.78,1.65,4,0.413,0.57,2.09,0.271,1.13,1.57,0.722
Andre Roberson,2016-2017,REG,Thunder,78,30.23,6.67,1.26,3.87,5.13,1,1.21,1.03,0.65,2.56,2.74,5.92,0.463,0.58,2.35,0.246,0.6,1.42,0.423
Allen Crabbe,2016-2017,REG,Trail Blazers,78,28.49,10.51,0.24,2.56,2.81,1.14,0.68,0.26,0.78,2.14,3.78,8.14,0.465,1.62,3.74,0.432,1.33,1.58,0.846
Alex Len,2016-2017,REG,Suns,74,20.19,7.92,1.95,4.53,6.47,0.55,0.46,1.28,1.34,3.11,2.97,5.93,0.501,0.04,0.16,0.25,1.93,2.69,0.719
Nerlens Noel,2016-2017,REG,"76ers, Mavericks",47,20.92,8.85,1.89,3.94,5.83,1.02,1.3,1.04,1.02,2.62,3.64,6.13,0.594,0,0.02,0,1.57,2.28,0.692
Aron Baynes,2016-2017,REG,Pistons,75,15.5,4.87,1.48,2.96,4.44,0.43,0.23,0.53,0.67,2.21,1.91,3.72,0.513,0,0,0,1.05,1.25,0.84
JaMychal Green,2016-2017,REG,Grizzlies,74,27.39,8.97,2.19,4.89,7.08,1.09,0.62,0.45,1.19,3.28,3.24,6.51,0.498,0.69,1.85,0.372,1.8,2.23,0.806
Hollis Thompson,2016-2017,REG,"76ers, Pelicans",40,18.81,5.13,0.48,2.28,2.75,0.88,0.5,0.15,0.28,1.73,1.93,5,0.385,0.8,2.38,0.337,0.48,0.73,0.655
Mirza Teletovic,2016-2017,REG,Bucks,66,15.83,6.42,0.17,2.14,2.3,0.68,0.17,0.18,0.53,1.53,2.23,5.92,0.376,1.47,4.29,0.343,0.5,0.65,0.767
Kent Bazemore,2016-2017,REG,Hawks,70,27.08,10.97,0.61,2.51,3.13,2.4,1.2,0.74,1.67,2.23,4.06,10.01,0.405,1.26,3.67,0.342,1.6,2.27,0.704
Brian Roberts,2016-2017,REG,Hornets,38,9.16,3.26,0.13,0.82,0.95,1.34,0.18,0.03,0.53,0.47,1.03,2.63,0.39,0.42,1,0.421,0.79,0.95,0.833
Willie Reed,2016-2017,REG,Heat,67,14.64,5.21,1.81,2.85,4.66,0.36,0.24,0.69,0.43,1.88,2.25,4.04,0.557,0.01,0.07,0.2,0.69,1.21,0.568
Justin Holiday,2016-2017,REG,Knicks,78,19.46,7.32,0.31,2.38,2.69,1.21,0.78,0.38,0.79,1.36,2.71,6.28,0.431,1.14,3.22,0.355,0.77,0.94,0.822
Taj Gibson,2016-2017,REG,"Bulls, Thunder",75,25.77,10.84,2.04,4.25,6.29,0.97,0.59,0.88,1.37,2.12,4.69,9.04,0.519,0.04,0.17,0.231,1.41,2,0.707
DeMarre Carroll,2016-2017,REG,Raptors,69,26.38,9.07,0.93,2.96,3.88,1.04,1.16,0.41,0.75,2.01,3.13,7.75,0.404,1.55,4.51,0.344,1.26,1.65,0.763
Wayne Ellington,2016-2017,REG,Heat,58,24.24,10.43,0.31,1.79,2.1,1.14,0.55,0.09,0.48,1.14,3.74,9.07,0.413,2.34,6.34,0.37,0.6,0.71,0.854
Toney Douglas,2016-2017,REG,Grizzlies,24,16.41,4.88,0.54,1.96,2.5,2.33,0.75,0.21,0.92,2.08,1.79,4.88,0.368,0.29,1.75,0.167,1,1.21,0.828
Dante Cunningham,2016-2017,REG,Pelicans,62,25.15,6.53,0.89,3.32,4.21,0.55,0.58,0.44,0.44,1.53,2.6,5.48,0.474,1.08,2.77,0.39,0.26,0.44,0.593
Jonas Jerebko,2016-2017,REG,Celtics,74,16.11,3.84,0.74,2.73,3.47,0.86,0.36,0.24,0.51,1.59,1.47,3.36,0.438,0.55,1.66,0.333,0.34,0.45,0.758
Jodie Meeks,2016-2017,REG,Magic,32,20.65,8.97,0.16,2.09,2.25,1.31,1.06,0.13,0.94,1.13,2.84,7.03,0.404,1.47,3.66,0.402,1.81,2.03,0.892
Patrick Beverley,2016-2017,REG,Rockets,64,30.74,9.59,1.38,4.41,5.78,4.16,1.47,0.38,1.53,3.34,3.44,8.22,0.418,1.66,4.33,0.383,1.06,1.31,0.81
Marcus Thornton,2016-2017,REG,Wizards,33,17.41,6.64,0.67,1.61,2.27,1.21,0.58,0.09,0.76,1.45,2.55,6.36,0.4,0.85,2.42,0.35,0.7,0.82,0.852
Danny Green,2016-2017,REG,Spurs,66,26.78,7.42,0.44,2.79,3.23,1.82,1.06,0.83,1.12,1.8,2.62,6.62,0.396,1.77,4.61,0.385,0.41,0.48,0.844
Patty Mills,2016-2017,REG,Spurs,76,22.07,9.75,0.32,1.46,1.78,3.5,0.84,0.04,1.24,1.39,3.5,7.88,0.444,1.88,4.54,0.414,0.87,1.05,0.825
Garrett Temple,2016-2017,REG,Kings,63,26.43,7.67,0.49,2.3,2.79,2.57,1.25,0.44,1.22,2.19,2.76,6.56,0.421,1.22,3.35,0.365,0.92,1.17,0.784
Wesley Matthews,2016-2017,REG,Mavericks,71,34.64,13.7,0.3,3.34,3.63,2.86,1.04,0.23,1.42,2.25,4.61,11.72,0.393,2.44,6.63,0.367,2.06,2.52,0.816
Alonzo Gee,2016-2017,REG,Nuggets,13,6.88,0.85,0.31,0.77,1.08,0.46,0.38,0.08,0.31,1.08,0.23,1,0.231,0,0.23,0,0.38,0.69,0.556
Reggie Williams,2016-2017,REG,Pelicans,6,13.24,4.5,0.33,0.67,1,0.67,0.5,0,0,0.33,1.33,3.83,0.348,0.83,1.83,0.455,1,1.17,0.857
John Wall,2016-2017,REG,Wizards,76,36.42,23.22,0.75,3.51,4.26,10.7,2.05,0.62,4.11,1.92,8.33,18.42,0.452,1.11,3.46,0.319,5.46,6.76,0.807
Evan Turner,2016-2017,REG,Trail Blazers,61,25.47,8.98,0.56,3.16,3.72,3.13,0.84,0.36,1.49,1.84,3.59,8.41,0.427,0.49,1.85,0.265,1.31,1.57,0.833
Derrick Favors,2016-2017,REG,Jazz,47,24.13,9.55,1.83,4.36,6.19,1.09,0.87,0.85,1.19,2.06,4.04,8.36,0.483,0.06,0.19,0.333,1.4,2.26,0.623
Wesley Johnson,2016-2017,REG,Clippers,65,11.94,2.8,0.38,2.29,2.68,0.32,0.45,0.45,0.26,1.26,1.09,2.97,0.368,0.45,1.72,0.259,0.17,0.26,0.647
DeMarcus Cousins,2016-2017,REG,"Kings, Pelicans",72,34.24,26.97,2.08,8.96,11.04,4.63,1.39,1.32,3.74,3.86,8.99,19.88,0.452,1.82,5.06,0.36,7.18,9.31,0.772
Greg Monroe,2016-2017,REG,Bucks,77,22.59,11.74,2.09,4.52,6.61,2.29,1.1,0.47,1.7,2.1,4.77,8.94,0.533,0,0.04,0,2.21,2.96,0.746
Al-Farouq Aminu,2016-2017,REG,Trail Blazers,58,28.92,8.79,1.28,6.1,7.38,1.71,0.97,0.72,1.57,1.71,3.05,7.59,0.402,1.14,3.43,0.332,1.55,2.19,0.709
Gordon Hayward,2016-2017,REG,Jazz,70,34.62,21.81,0.67,4.81,5.49,3.46,1,0.27,1.93,1.59,7.39,15.86,0.466,2.06,5.23,0.393,4.99,5.9,0.845
Paul George,2016-2017,REG,Pacers,71,35.76,23.32,0.79,5.76,6.55,3.32,1.59,0.35,2.94,2.79,8.11,17.92,0.453,2.55,6.51,0.392,4.55,5.04,0.902
Cole Aldrich,2016-2017,REG,Timberwolves,61,8.45,1.69,0.8,1.7,2.51,0.41,0.43,0.39,0.25,1.38,0.72,1.38,0.524,0,0,0,0.25,0.36,0.682
Ed Davis,2016-2017,REG,Trail Blazers,46,17.15,4.35,2.09,3.2,5.28,0.59,0.33,0.48,0.8,2.98,1.63,3.09,0.528,0,0,0,1.09,1.76,0.617
Patrick Patterson,2016-2017,REG,Raptors,62,24.73,6.84,1,3.61,4.61,1.19,0.63,0.37,0.61,1.9,2.35,5.95,0.396,1.44,3.92,0.366,0.69,0.97,0.717
Larry Sanders,2016-2017,REG,Cavaliers,3,2.81,0,0.33,0.33,0.67,0,0,0,0,1,0,0.67,0,0,0,0,0,0,0
Luke Babbitt,2016-2017,REG,Heat,68,15.66,4.76,0.19,1.88,2.07,0.51,0.32,0.16,0.37,1.74,1.66,4.13,0.402,1.28,3.09,0.414,0.16,0.22,0.733
Kevin Seraphin,2016-2017,REG,Pacers,45,10.77,4.11,0.84,1.91,2.76,0.47,0.13,0.4,0.53,1.22,2,3.67,0.545,0,0.04,0,0.11,0.22,0.5
Eric Bledsoe,2016-2017,REG,Suns,66,32.97,21.06,0.79,4.09,4.88,6.35,1.38,0.47,3.38,2.48,6.8,15.71,0.433,1.58,4.68,0.337,5.88,6.94,0.847
Avery Bradley,2016-2017,REG,Celtics,51,33.37,16.39,1.18,5.06,6.24,2.2,1.29,0.2,1.71,2.49,6.59,14.2,0.464,1.98,5,0.396,1.24,1.71,0.724
Trevor Booker,2016-2017,REG,Nets,70,24.74,10,2.04,6.1,8.14,1.97,1.03,0.41,1.77,2.16,4.3,8.29,0.519,0.36,1.11,0.32,1.04,1.56,0.67
Jordan Crawford,2016-2017,REG,Pelicans,15,22.59,13.33,0.27,1.6,1.87,2.8,0.4,0.13,1.13,1.87,5.07,10.73,0.472,2.13,5.2,0.41,1.07,1.33,0.8
Greivis Vasquez,2016-2017,REG,Nets,3,12.86,2.33,0,0.67,0.67,1.67,0.33,0.33,0.33,2,0.67,2.67,0.25,0.33,1,0.333,0.67,1,0.667
Hassan Whiteside,2016-2017,REG,Heat,73,32.63,16.74,3.79,10.34,14.14,0.71,0.73,2.14,2,2.93,6.97,12.45,0.56,0,0,0,2.79,4.45,0.628
Nemanja Bjelica,2016-2017,REG,Timberwolves,65,18.3,6.2,0.92,2.88,3.8,1.22,0.6,0.32,0.91,2.37,2.32,5.49,0.423,0.86,2.72,0.316,0.69,0.94,0.738
Lance Stephenson,2016-2017,REG,"Pelicans, Timberwolves, Pacers",14,19.5,6.79,0.29,2.21,2.5,2.86,0.21,0.07,1.21,1.93,3.07,6.64,0.462,0.21,1.07,0.2,0.43,0.71,0.6
Timofey Mozgov,2016-2017,REG,Lakers,54,20.44,7.43,1.96,2.98,4.94,0.8,0.3,0.59,1.33,2.46,3.13,6.07,0.515,0,0.02,0,1.17,1.44,0.808
Gary Neal,2016-2017,REG,Hawks,2,9.17,2,0,0.5,0.5,0.5,0,0,0,0.5,0,3.5,0,0,1,0,2,2,1
Jeremy Lin,2016-2017,REG,Nets,33,23.91,13.73,0.21,3.18,3.39,5.12,1.09,0.36,2.45,2.06,4.73,10.82,0.437,1.48,4.18,0.355,2.79,3.52,0.793
Ish Smith,2016-2017,REG,Pistons,77,23.8,8.97,0.22,2.65,2.87,5.04,0.81,0.42,1.35,1.57,3.9,8.9,0.438,0.35,1.25,0.281,0.83,1.19,0.696
Manny Harris,2016-2017,REG,Mavericks,4,6.19,2,0.75,1.5,2.25,0.5,0,0,0.5,0.25,0.75,3.75,0.2,0,0.5,0,0.5,1,0.5
Lance Thomas,2016-2017,REG,Knicks,46,21.03,5.98,0.7,2.48,3.17,0.76,0.43,0.11,0.54,1.85,2.11,5.3,0.398,0.83,1.85,0.447,0.93,1.11,0.843
Arinze Onuaku,2016-2017,REG,Magic,8,3.54,0.5,0.25,0.5,0.75,0.25,0,0.13,0.25,0.38,0.25,0.5,0.5,0,0,0,0,0,0
Kyrie Irving,2016-2017,REG,Cavaliers,70,34.95,25.04,0.74,2.46,3.2,5.76,1.19,0.34,2.49,2.2,9.24,19.67,0.47,2.41,6.11,0.395,4.14,4.57,0.906
Derrick Williams,2016-2017,REG,"Heat, Cavaliers",47,16.27,6.21,0.38,2.26,2.64,0.53,0.3,0.15,0.62,1.26,2.21,4.98,0.444,0.6,2,0.298,1.19,1.85,0.644
Enes Kanter,2016-2017,REG,Thunder,68,21.44,14.4,2.65,4.09,6.74,0.94,0.44,0.57,1.72,2.15,5.62,10.18,0.552,0.07,0.54,0.135,3.09,3.9,0.792
Tristan Thompson,2016-2017,REG,Cavaliers,77,30.1,8.05,3.71,5.56,9.27,1,0.49,1.1,0.83,2.29,3.34,5.6,0.596,0,0.04,0,1.38,2.74,0.502
Jonas Valanciunas,2016-2017,REG,Raptors,77,25.98,12.09,2.86,6.74,9.6,0.73,0.47,0.79,1.35,2.74,4.91,8.78,0.559,0,0,0,2.27,2.79,0.814
Bismack Biyombo,2016-2017,REG,Magic,77,22.67,6,2.01,5.19,7.21,0.94,0.27,1.13,1.18,2.53,2.23,4.29,0.521,0,0,0,1.53,2.9,0.529
Brandon Knight,2016-2017,REG,Suns,54,21.11,11.02,0.44,1.8,2.24,2.39,0.52,0.09,1.63,1.61,3.87,9.7,0.399,0.83,2.57,0.324,2.44,2.85,0.857
Kemba Walker,2016-2017,REG,Hornets,78,34.66,23.17,0.56,3.44,4,5.46,1.09,0.26,2.15,1.51,8.15,18.35,0.444,3.05,7.58,0.403,3.81,4.51,0.844
Klay Thompson,2016-2017,REG,Warriors,76,34.15,22.5,0.63,3.11,3.74,2.05,0.83,0.5,1.68,1.83,8.36,17.75,0.471,3.47,8.33,0.417,2.32,2.72,0.85
Alec Burks,2016-2017,REG,Jazz,39,15.87,7.03,0.41,2.38,2.79,0.72,0.46,0.1,0.87,1.26,2.46,6.1,0.403,0.62,1.9,0.324,1.49,1.92,0.773
Markieff Morris,2016-2017,REG,Wizards,74,31.31,13.81,1.42,5.07,6.49,1.7,1.09,0.58,1.68,3.36,5.24,11.59,0.452,0.89,2.54,0.351,2.43,2.91,0.837
Marcus Morris,2016-2017,REG,Pistons,77,32.77,14.17,1.01,3.71,4.73,2.06,0.66,0.32,1.12,2.14,5.38,12.84,0.419,1.53,4.6,0.333,1.88,2.4,0.784
Kawhi Leonard,2016-2017,REG,Spurs,71,33.65,25.75,1.11,4.77,5.89,3.55,1.79,0.75,2.07,1.68,8.63,17.86,0.483,1.97,5.27,0.374,6.51,7.39,0.88
Nikola Vucevic,2016-2017,REG,Magic,71,28.79,14.62,2.38,7.97,10.35,2.76,1,1,1.62,2.41,6.42,13.7,0.469,0.28,0.99,0.286,1.49,2.23,0.671
Iman Shumpert,2016-2017,REG,Cavaliers,72,25.61,7.54,0.51,2.42,2.93,1.46,0.83,0.36,0.97,2.01,2.67,6.5,0.41,1.31,3.56,0.367,0.9,1.14,0.793
Tobias Harris,2016-2017,REG,Pistons,78,31.51,16.19,0.73,4.35,5.08,1.71,0.69,0.5,1.17,1.68,6.28,13,0.483,1.29,3.81,0.34,2.33,2.74,0.85
Donatas Motiejunas,2016-2017,REG,Pelicans,30,13.42,4.13,0.83,2.37,3.2,0.93,0.43,0.3,0.93,1.7,1.6,3.63,0.44,0.33,1.27,0.263,0.6,1.3,0.462
Kenneth Faried,2016-2017,REG,Nuggets,60,21.32,9.67,2.97,4.58,7.55,0.9,0.7,0.67,0.95,2.03,3.75,6.85,0.547,0,0.1,0,2.17,3.1,0.699
Nikola Mirotic,2016-2017,REG,Bulls,66,23.9,10.5,0.8,4.55,5.35,1.06,0.7,0.77,1.12,1.79,3.64,8.79,0.414,1.79,5.3,0.337,1.44,1.85,0.779
Reggie Jackson,2016-2017,REG,Pistons,52,27.39,14.46,0.4,1.79,2.19,5.21,0.67,0.1,2.19,2.48,5.46,13.02,0.419,1.27,3.54,0.359,2.27,2.62,0.868
Norris Cole,2016-2017,REG,Thunder,10,7.68,2.3,0,0.6,0.6,1.1,0.3,0,0.7,0.9,0.9,3,0.3,0.1,0.6,0.167,0.4,0.4,1
Cory Joseph,2016-2017,REG,Raptors,77,25.26,9.35,0.61,2.35,2.96,3.35,0.84,0.14,1.36,1.78,3.78,8.3,0.455,0.6,1.69,0.354,1.19,1.56,0.767
Jimmy Butler,2016-2017,REG,Bulls,72,37.06,23.92,1.74,4.39,6.13,5.51,1.88,0.4,2.03,1.51,7.5,16.5,0.455,1.18,3.31,0.357,7.74,8.99,0.861
Bojan Bogdanovic,2016-2017,REG,"Nets, Wizards",77,25.83,14.03,0.48,2.99,3.47,1.42,0.43,0.09,1.66,1.81,4.74,10.57,0.448,1.81,4.91,0.368,2.74,3.08,0.89
Justin Harper,2016-2017,REG,76ers,3,10.44,4,1,1,2,0.67,0,0,1.33,0.67,1.67,4,0.417,0.67,2.33,0.286,0,0,0
Kyle Singler,2016-2017,REG,Thunder,28,10.19,2.11,0.14,1,1.14,0.18,0.11,0.14,0.39,0.75,0.79,1.96,0.4,0.21,0.93,0.231,0.32,0.39,0.818
Shelvin Mack,2016-2017,REG,Jazz,51,21.41,7.69,0.33,1.9,2.24,2.75,0.76,0.02,1.67,1.8,3.04,6.8,0.447,0.67,2.12,0.315,0.94,1.33,0.706
Chandler Parsons,2016-2017,REG,Grizzlies,34,19.84,6.18,0.18,2.29,2.47,1.62,0.59,0.18,0.71,1.53,2.21,6.53,0.338,0.74,2.74,0.269,1.03,1.26,0.814
Jon Leuer,2016-2017,REG,Pistons,72,26.38,10.53,1.4,4.14,5.54,1.51,0.42,0.38,0.92,2,4.28,8.79,0.487,0.67,2.26,0.294,1.31,1.49,0.879
Davis Bertans,2016-2017,REG,Spurs,63,11.77,4.37,0.29,1.16,1.44,0.7,0.27,0.41,0.48,1.13,1.48,3.35,0.441,0.98,2.46,0.4,0.43,0.52,0.818
Lavoy Allen,2016-2017,REG,Pacers,59,14.55,2.85,1.69,1.92,3.61,0.92,0.34,0.37,0.49,1.29,1.24,2.75,0.451,0,0.02,0,0.37,0.54,0.688
DeAndre Liggins,2016-2017,REG,Cavaliers,60,12.5,2.4,0.28,1.4,1.68,0.9,0.77,0.23,0.7,1.3,0.87,2.27,0.382,0.28,0.75,0.378,0.38,0.62,0.622
E'Twaun Moore,2016-2017,REG,Pelicans,71,25.18,9.68,0.45,1.65,2.1,2.24,0.69,0.46,0.85,1.83,3.92,8.61,0.455,1.06,2.85,0.371,0.79,1.01,0.778
Isaiah Thomas,2016-2017,REG,Celtics,72,33.99,29.06,0.51,2.14,2.65,5.94,0.92,0.14,2.69,2.19,9.01,19.44,0.464,3.22,8.47,0.38,7.81,8.57,0.911
Anthony Davis,2016-2017,REG,Pelicans,74,36.27,28.05,2.36,9.69,12.05,2.14,1.31,2.27,2.43,2.24,10.27,20.28,0.506,0.54,1.77,0.305,6.97,8.68,0.804
Michael Kidd-Gilchrist,2016-2017,REG,Hornets,78,29.14,9.13,1.92,5.1,7.03,1.4,0.99,0.92,0.71,2.29,3.63,7.55,0.48,0.01,0.12,0.111,1.86,2.37,0.784
Bradley Beal,2016-2017,REG,Wizards,74,34.82,23.04,0.68,2.39,3.07,3.47,1.09,0.24,2,2.19,8.26,17.19,0.48,2.91,7.18,0.405,3.62,4.43,0.817
Dion Waiters,2016-2017,REG,Heat,46,30.09,15.85,0.39,2.93,3.33,4.37,0.87,0.43,2.24,2.07,6.11,14.41,0.424,1.85,4.7,0.394,1.78,2.76,0.646
Thomas Robinson,2016-2017,REG,Lakers,44,11.29,4.8,1.8,2.8,4.59,0.64,0.59,0.23,0.84,1.57,2.09,3.95,0.529,0,0.02,0,0.61,1.3,0.474
Damian Lillard,2016-2017,REG,Trail Blazers,73,35.82,26.62,0.63,4.19,4.82,5.82,0.93,0.26,2.63,2.05,8.71,19.63,0.444,2.79,7.59,0.368,6.4,7.15,0.895
Terrence Ross,2016-2017,REG,"Raptors, Magic",74,25.05,11.07,0.24,2.43,2.68,1.05,1.11,0.42,0.85,1.82,4.22,9.69,0.435,1.82,5.07,0.36,0.81,0.99,0.822
Andre Drummond,2016-2017,REG,Pistons,77,30.07,13.91,4.26,9.71,13.97,1.08,1.56,1.13,1.95,2.94,6.06,11.35,0.534,0.03,0.09,0.286,1.75,4.52,0.388
Harrison Barnes,2016-2017,REG,Mavericks,78,35.72,19.36,1.23,3.87,5.1,1.49,0.86,0.18,1.31,1.64,7.64,16.33,0.468,0.99,2.83,0.348,3.09,3.58,0.864
Austin Rivers,2016-2017,REG,Clippers,74,27.75,12.01,0.27,1.91,2.18,2.73,0.66,0.14,1.57,2.53,4.36,9.88,0.442,1.5,4.04,0.371,1.78,2.58,0.691
Meyers Leonard,2016-2017,REG,Trail Blazers,70,15.81,5.29,0.37,2.69,3.06,0.99,0.14,0.39,0.51,2.26,1.91,4.99,0.384,0.96,2.79,0.344,0.5,0.57,0.875
Jeremy Lamb,2016-2017,REG,Hornets,59,18.06,9.37,0.46,3.76,4.22,1.2,0.41,0.37,0.61,1.63,3.51,7.69,0.456,0.66,2.31,0.287,1.69,2.02,0.84
John Henson,2016-2017,REG,Bucks,56,19.64,6.82,1.63,3.55,5.18,1,0.54,1.43,0.95,2.64,2.75,5.39,0.51,0,0.02,0,1.32,1.91,0.692
Maurice Harkless,2016-2017,REG,Trail Blazers,74,28.86,10.08,1.66,2.85,4.51,1.18,1.05,0.92,1.15,2.77,4.07,8.2,0.496,0.92,2.62,0.351,1.03,1.61,0.639
Tyler Zeller,2016-2017,REG,Celtics,48,10.35,3.48,0.88,1.63,2.5,0.83,0.15,0.48,0.42,1.27,1.54,3.15,0.49,0,0.02,0,0.4,0.73,0.543
Terrence Jones,2016-2017,REG,"Pelicans, Bucks",54,23.53,10.81,1.22,4.44,5.67,1.07,0.69,1,0.91,1.24,4.28,9.06,0.472,0.35,1.39,0.253,1.91,3.15,0.606
Andrew Nicholson,2016-2017,REG,"Wizards, Nets",36,8.66,2.72,0.39,1.14,1.53,0.28,0.39,0.17,0.39,1.39,1.17,2.86,0.408,0.14,0.67,0.208,0.25,0.39,0.643
Evan Fournier,2016-2017,REG,Magic,66,32.46,16.94,0.68,2.41,3.09,2.94,1.02,0.05,2.08,2.65,5.94,13.56,0.438,1.83,5.24,0.35,3.23,4.03,0.801
Jared Sullinger,2016-2017,REG,Raptors,11,10.7,3.36,0.91,1.55,2.45,0.18,0.36,0.18,0.36,1.55,1.36,4.36,0.312,0.27,1.64,0.167,0.36,0.73,0.5
John Jenkins,2016-2017,REG,Suns,4,3.23,1.75,0,0.25,0.25,0.25,0,0,0,0,0.5,1.25,0.4,0.25,0.5,0.5,0.5,0.5,1
Miles Plumlee,2016-2017,REG,"Bucks, Hornets",42,10.16,2.6,0.71,1.21,1.93,0.48,0.38,0.29,0.67,1.55,1,2,0.5,0,0,0,0.6,0.93,0.641
Tomas Satoransky,2016-2017,REG,Wizards,54,12.28,2.57,0.44,0.98,1.43,1.54,0.44,0.11,0.61,1.06,1.02,2.43,0.42,0.15,0.59,0.25,0.39,0.57,0.677
Jae Crowder,2016-2017,REG,Celtics,68,32.34,13.72,0.69,5.06,5.75,2.1,0.97,0.31,1.1,2.26,4.53,9.99,0.454,2.15,5.5,0.39,2.51,3.04,0.826
Draymond Green,2016-2017,REG,Warriors,74,32.77,10.24,1.31,6.62,7.93,7.09,2.07,1.41,2.45,2.88,3.59,8.62,0.417,1.04,3.43,0.303,2.01,2.85,0.706
Quincy Acy,2016-2017,REG,"Mavericks, Nets",35,15.01,6.09,0.49,2.63,3.11,0.46,0.37,0.37,0.6,1.8,1.91,4.57,0.419,1,2.43,0.412,1.26,1.63,0.772
Khris Middleton,2016-2017,REG,Bucks,26,30.26,15.12,0.35,3.69,4.04,3.31,1.38,0.27,2.15,2.69,5.31,11.65,0.455,1.54,3.69,0.417,2.96,3.38,0.875
Will Barton,2016-2017,REG,Nuggets,60,28.42,13.67,0.98,3.37,4.35,3.43,0.75,0.5,1.62,1.83,4.92,11.12,0.442,1.45,3.92,0.37,2.38,3.17,0.753
Mike Scott,2016-2017,REG,Hawks,18,10.83,2.5,0.56,1.5,2.06,0.94,0.22,0.17,0.44,0.67,0.94,3.22,0.293,0.22,1.5,0.148,0.39,0.44,0.875
Justin Hamilton,2016-2017,REG,Nets,60,18.47,6.88,1.1,2.97,4.07,0.85,0.45,0.65,0.65,1.43,2.68,5.83,0.46,0.88,2.87,0.308,0.63,0.83,0.76
Kyle O'Quinn,2016-2017,REG,Knicks,75,15.48,6.24,2.03,3.6,5.63,1.49,0.47,1.33,0.99,2.19,2.72,5.2,0.523,0.01,0.2,0.067,0.79,1.01,0.776
Omri Casspi,2016-2017,REG,"Kings, Pelicans, Timberwolves",31,17.26,5.39,0.74,2.52,3.26,1.03,0.45,0.06,0.84,1.23,2.19,4.68,0.469,0.45,1.26,0.359,0.55,0.87,0.63
Darren Collison,2016-2017,REG,Kings,67,30.38,13.21,0.36,1.9,2.25,4.51,1.01,0.13,1.63,1.78,5,10.54,0.475,1.07,2.57,0.419,2.13,2.49,0.856
Jeff Teague,2016-2017,REG,Pacers,78,32.46,15.33,0.41,3.74,4.15,7.76,1.24,0.41,2.68,2.05,4.92,11.13,0.442,1.13,3.09,0.365,4.36,5.01,0.87
Ty Lawson,2016-2017,REG,Kings,67,24.97,9.54,0.64,1.87,2.51,4.66,1.07,0.09,1.87,1.72,3.34,7.46,0.448,0.49,1.75,0.282,2.36,3,0.786
Jrue Holiday,2016-2017,REG,Pelicans,63,33.15,15.68,0.65,3.22,3.87,7.32,1.57,0.67,2.9,2.03,6.13,13.49,0.454,1.57,4.25,0.369,1.86,2.63,0.705
James Johnson,2016-2017,REG,Heat,72,26.9,12.64,0.85,3.96,4.81,3.49,0.99,1.11,2.21,2.54,4.75,9.85,0.482,1.18,3.29,0.359,1.96,2.78,0.705
Gerald Henderson,2016-2017,REG,76ers,68,23.19,9.49,0.47,2.18,2.65,1.54,0.57,0.19,0.91,1.76,3.35,7.82,0.429,0.88,2.46,0.359,1.9,2.32,0.816
Brandon Jennings,2016-2017,REG,"Knicks, Wizards",77,22.22,7.36,0.35,2.06,2.42,4.87,0.81,0.06,1.62,1.42,2.44,6.62,0.369,1.01,3.14,0.322,1.47,1.95,0.753
Jordan Hill,2016-2017,REG,Timberwolves,7,6.65,1.71,1.14,0.86,2,0,0.14,0,0.57,1.29,0.71,1.86,0.385,0,0,0,0.29,0.29,1
DeMar DeRozan,2016-2017,REG,Raptors,72,35.46,27.04,0.96,4.31,5.26,4,1.01,0.17,2.4,1.82,9.67,20.81,0.465,0.46,1.71,0.268,7.25,8.63,0.841
Tyreke Evans,2016-2017,REG,"Pelicans, Kings",39,19.69,10.46,0.28,3.13,3.41,3.15,0.87,0.21,1.49,1.49,3.82,9.38,0.407,1.08,3,0.359,1.74,2.31,0.756
Ricky Rubio,2016-2017,REG,Timberwolves,71,32.74,10.92,0.94,3.14,4.08,9.04,1.72,0.13,2.59,2.7,3.39,8.35,0.406,0.8,2.61,0.308,3.32,3.76,0.884
Stephen Curry,2016-2017,REG,Warriors,77,33.51,25.34,0.78,3.7,4.48,6.64,1.82,0.23,3.01,2.35,8.57,18.31,0.468,4.06,9.96,0.408,4.13,4.58,0.901
James Harden,2016-2017,REG,Rockets,77,36.54,29.18,1.17,6.95,8.12,11.18,1.51,0.45,5.74,2.61,8.38,19,0.441,3.17,9.19,0.345,9.26,10.9,0.85
Omer Asik,2016-2017,REG,Pelicans,31,15.55,2.68,1.52,3.71,5.23,0.48,0.13,0.39,0.45,1.65,0.97,2.06,0.469,0,0,0,0.74,1.26,0.59
Luc Mbah a Moute,2016-2017,REG,Clippers,77,22.02,5.78,0.57,1.6,2.17,0.45,1,0.44,0.58,1.53,2.27,4.61,0.493,0.52,1.36,0.381,0.71,1.01,0.705
Goran Dragic,2016-2017,REG,Heat,69,33.47,20.35,0.84,3,3.84,5.87,1.23,0.17,2.86,2.75,7.33,15.36,0.477,1.67,4.07,0.409,4.01,5.07,0.791
Anthony Morrow,2016-2017,REG,"Thunder, Bulls",45,15.02,5.8,0.24,0.4,0.64,0.44,0.51,0.04,0.16,0.93,2.09,5.29,0.395,0.87,2.8,0.31,0.76,0.82,0.919
Bobby Brown,2016-2017,REG,Rockets,22,2.96,1.41,0,0.23,0.23,0.14,0,0,0.14,0.14,0.55,1.64,0.333,0.32,0.91,0.35,0,0,0
Blake Griffin,2016-2017,REG,Clippers,58,34.12,21.81,1.83,6.31,8.14,4.97,0.98,0.41,2.34,2.57,7.93,15.98,0.496,0.66,1.83,0.359,5.29,7.03,0.752
Darrell Arthur,2016-2017,REG,Nuggets,39,15.33,6.15,0.62,2.1,2.72,1.08,0.41,0.51,0.87,1.87,2.31,5.1,0.452,1.26,2.72,0.462,0.28,0.33,0.846
DeAndre Jordan,2016-2017,REG,Clippers,78,31.72,12.56,3.6,10.1,13.71,1.15,0.64,1.67,1.46,2.62,5,7.03,0.712,0,0.03,0,2.56,5.27,0.487
George Hill,2016-2017,REG,Jazz,47,31.99,16.94,0.47,3.02,3.49,4.11,0.98,0.23,1.81,2.36,5.91,12.53,0.472,1.87,4.79,0.391,3.23,4.04,0.8
Nicolas Batum,2016-2017,REG,Hornets,74,34.28,15.16,0.64,5.72,6.35,5.95,1.12,0.41,2.57,1.46,5.09,12.66,0.402,1.76,5.31,0.331,3.22,3.72,0.865
Marreese Speights,2016-2017,REG,Clippers,79,15.66,8.81,1.09,3.49,4.58,0.78,0.27,0.51,0.85,2.77,3.01,6.7,0.45,1.27,3.35,0.377,1.52,1.73,0.876
Roy Hibbert,2016-2017,REG,"Hornets, Bucks, Nuggets",46,14.75,4.8,1.17,2.15,3.33,0.48,0.17,1.02,0.67,2.15,1.74,3.2,0.544,0,0,0,1.33,1.63,0.813
JaVale McGee,2016-2017,REG,Warriors,74,9.32,5.86,1.24,1.8,3.04,0.22,0.26,0.86,0.51,1.38,2.57,4.01,0.64,0,0.04,0,0.73,1.42,0.514
Alexis Ajinca,2016-2017,REG,Pelicans,35,13.67,4.29,1.14,3.06,4.2,0.29,0.46,0.6,0.74,1.77,1.83,3.83,0.478,0,0.09,0,0.63,0.89,0.71
Ryan Anderson,2016-2017,REG,Rockets,68,29.83,13.53,1.63,3.06,4.69,0.93,0.46,0.19,0.81,2.03,4.46,10.78,0.413,2.76,6.96,0.397,1.85,2.16,0.857
Courtney Lee,2016-2017,REG,Knicks,73,32.17,10.77,0.67,2.73,3.4,2.33,1.01,0.3,0.9,1.88,4.12,9.08,0.454,1.4,3.45,0.405,1.12,1.27,0.882
Kosta Koufos,2016-2017,REG,Kings,71,19.99,6.62,1.66,4.04,5.7,0.65,0.48,0.68,0.86,2.42,3.04,5.52,0.551,0,0.01,0,0.54,0.87,0.613
Serge Ibaka,2016-2017,REG,"Magic, Raptors",77,30.71,14.94,1.65,5.16,6.81,0.96,0.53,1.6,1.35,2.7,6,12.52,0.479,1.56,4.01,0.388,1.38,1.6,0.862
Brandon Rush,2016-2017,REG,Timberwolves,42,21.17,4.29,0.38,1.81,2.19,0.98,0.45,0.5,0.55,0.88,1.52,4.1,0.372,0.95,2.4,0.396,0.29,0.38,0.75
Robin Lopez,2016-2017,REG,Bulls,77,28.05,10.22,3.04,3.3,6.34,1,0.22,1.45,1.06,1.86,4.68,9.52,0.491,0,0.03,0,0.87,1.22,0.713
Jerryd Bayless,2016-2017,REG,76ers,3,23.83,11,1,3,4,4.33,0,0,3,1.33,3.67,10.67,0.344,0.67,1.67,0.4,3,3.33,0.9
D.J. Augustin,2016-2017,REG,Magic,75,19.77,8.08,0.19,1.32,1.51,2.72,0.4,0.01,1.13,1.29,2.56,6.65,0.385,1.25,3.52,0.356,1.71,2.09,0.815
Brook Lopez,2016-2017,REG,Nets,72,29.51,20.71,1.57,3.82,5.39,2.38,0.51,1.71,2.46,2.58,7.43,15.63,0.476,1.83,5.17,0.355,4.01,4.93,0.814
Derrick Rose,2016-2017,REG,Knicks,64,32.53,18.03,1.02,2.81,3.83,4.42,0.69,0.27,2.3,1.31,7.19,15.27,0.471,0.2,0.94,0.217,3.45,3.95,0.874
Russell Westbrook,2016-2017,REG,Thunder,78,34.74,31.79,1.68,9.03,10.71,10.45,1.72,0.37,5.42,2.33,10.24,24.01,0.427,2.46,7.1,0.347,8.85,10.51,0.841
Kevin Love,2016-2017,REG,Cavaliers,57,31.08,19.14,2.49,8.53,11.02,1.91,0.89,0.4,2.02,1.93,6.18,14.35,0.43,2.46,6.46,0.38,4.33,4.96,0.873
Danilo Gallinari,2016-2017,REG,Nuggets,61,33.83,18,0.64,4.39,5.03,2.15,0.67,0.25,1.26,1.48,5.23,11.79,0.444,1.97,5.08,0.387,5.57,6.18,0.902
Eric Gordon,2016-2017,REG,Rockets,72,31.13,16.33,0.39,2.25,2.64,2.57,0.67,0.5,1.64,2,5.53,13.54,0.408,3.31,8.81,0.375,1.97,2.36,0.835
Anthony Tolliver,2016-2017,REG,Kings,62,22.83,7.11,0.81,2.79,3.6,1.13,0.52,0.29,0.85,1.69,2.44,5.47,0.445,1.42,3.53,0.402,0.82,1.11,0.739
Michael Beasley,2016-2017,REG,Bucks,53,16.63,9.57,0.72,2.79,3.51,0.96,0.47,0.49,1.21,1.66,3.91,7.15,0.546,0.3,0.72,0.421,1.45,1.96,0.74
Joel Anthony,2016-2017,REG,Spurs,17,5.28,1.06,0.41,0.88,1.29,0.12,0.12,0.24,0.18,0.59,0.47,0.82,0.571,0,0,0,0.12,0.12,1
CJ Watson,2016-2017,REG,Magic,61,16.38,4.59,0.23,1.18,1.41,1.84,0.7,0.03,0.77,1.36,1.57,3.98,0.395,0.52,1.7,0.308,0.92,1.05,0.875
Ramon Sessions,2016-2017,REG,Hornets,50,16.21,6.24,0.22,1.26,1.48,2.58,0.48,0.06,0.92,0.86,2,5.26,0.38,0.42,1.24,0.339,1.82,2.36,0.771
Tiago Splitter,2016-2017,REG,76ers,4,7.38,4.75,1.25,0.75,2,0.75,0,0.25,0.5,0.75,1.5,2.75,0.545,0.25,0.5,0.5,1.5,1.75,0.857
Josh McRoberts,2016-2017,REG,Heat,22,17.33,4.86,1.09,2.32,3.41,2.27,0.45,0.18,1.05,1.41,2,5.32,0.376,0.59,1.41,0.419,0.27,0.41,0.667
Marc Gasol,2016-2017,REG,Grizzlies,71,34.48,19.77,0.85,5.37,6.21,4.61,0.92,1.31,2.23,2.32,7.3,15.85,0.46,1.41,3.66,0.385,3.77,4.54,0.832
Wilson Chandler,2016-2017,REG,Nuggets,68,31.04,15.94,1.53,4.9,6.43,2.04,0.75,0.46,1.65,2.44,6.19,13.47,0.46,1.51,4.56,0.332,2.04,2.79,0.732
Aaron Brooks,2016-2017,REG,Pacers,61,13.59,4.98,0.3,0.79,1.08,1.93,0.41,0.15,1.02,1.44,1.89,4.74,0.398,0.72,2,0.361,0.49,0.62,0.789
Arron Afflalo,2016-2017,REG,Kings,59,25.87,8.39,0.17,1.9,2.07,1.2,0.39,0.1,0.68,1.73,2.98,6.88,0.434,1.05,2.54,0.413,1.37,1.54,0.89
JJ Redick,2016-2017,REG,Clippers,75,28.21,15.13,0.16,2.01,2.17,1.37,0.71,0.13,1.28,1.65,5.09,11.44,0.445,2.59,6,0.431,2.36,2.65,0.889
Thabo Sefolosha,2016-2017,REG,Hawks,60,25.94,7.33,0.83,3.57,4.4,1.77,1.52,0.52,0.93,1.62,2.87,6.43,0.446,0.68,1.95,0.35,0.92,1.25,0.733
Rajon Rondo,2016-2017,REG,Bulls,68,26.81,7.76,1.03,4.16,5.19,6.68,1.46,0.16,2.46,2.07,3.31,8.12,0.408,0.71,1.93,0.366,0.44,0.74,0.6
Kyle Lowry,2016-2017,REG,Raptors,57,37.77,22.84,0.82,3.96,4.79,6.95,1.44,0.33,2.79,2.89,7.23,15.51,0.466,3.28,7.84,0.418,5.11,6.16,0.829
Jordan Farmar,2016-2017,REG,Kings,2,17.69,6,0.5,1,1.5,4.5,1,0,1.5,0.5,2,6,0.333,2,4.5,0.444,0,0,0
Sergio Rodriguez,2016-2017,REG,76ers,68,22.32,7.79,0.31,2.06,2.37,5.07,0.71,0.06,1.88,1.4,3.09,7.88,0.392,1.35,3.71,0.365,0.26,0.4,0.667
Steve Novak,2016-2017,REG,Bucks,8,2.74,0.63,0,0.38,0.38,0,0,0,0,0.13,0.25,0.88,0.286,0.13,0.75,0.167,0,0,0
PJ Tucker,2016-2017,REG,"Suns, Raptors",78,27.89,6.82,1.47,4.33,5.81,1.24,1.46,0.23,0.83,2.41,2.53,6.05,0.417,0.87,2.44,0.358,0.9,1.17,0.769
Paul Millsap,2016-2017,REG,Hawks,66,34.17,18,1.61,6.08,7.68,3.71,1.32,0.92,2.26,2.68,6.24,14.18,0.44,1.11,3.55,0.312,4.41,5.79,0.762
Jose Juan Barea,2016-2017,REG,Mavericks,33,22.21,10.91,0.27,2.06,2.33,5.33,0.36,0.03,1.79,0.88,4.09,9.79,0.418,1.45,4.09,0.356,1.27,1.48,0.857
Kevin Durant,2016-2017,REG,Warriors,59,33.55,25.32,0.64,7.58,8.22,4.81,1.1,1.64,2.25,1.9,8.95,16.66,0.537,1.9,5.02,0.378,5.53,6.31,0.876
Al Horford,2016-2017,REG,Celtics,64,32.47,14.08,1.44,5.42,6.86,5.02,0.78,1.33,1.75,2.02,5.59,11.73,0.477,1.3,3.58,0.362,1.59,1.98,0.803
Mike Conley,2016-2017,REG,Grizzlies,66,33.6,20.52,0.47,3.14,3.61,6.38,1.35,0.29,2.29,1.86,6.7,14.77,0.453,2.44,6.08,0.401,4.68,5.44,0.861
Jeff Green,2016-2017,REG,Magic,69,22.23,9.25,0.55,2.51,3.06,1.16,0.55,0.22,1.09,1.49,3.19,8.09,0.394,0.77,2.8,0.275,2.1,2.43,0.863
Corey Brewer,2016-2017,REG,"Rockets, Lakers",78,15.42,4.46,0.37,1.64,2.01,1.12,0.68,0.24,0.63,1.6,1.76,4.17,0.422,0.35,1.47,0.235,0.6,0.82,0.734
Brandan Wright,2016-2017,REG,Grizzlies,25,16.33,7.12,1,1.72,2.72,0.48,0.44,0.64,0.36,1.52,3.16,5.08,0.622,0,0.04,0,0.8,1.24,0.645
Joakim Noah,2016-2017,REG,Knicks,46,22.06,5.04,3.48,5.2,8.67,2.24,0.65,0.8,1.26,2.76,2.15,4.35,0.495,0,0.02,0,0.74,1.7,0.436
Spencer Hawes,2016-2017,REG,"Hornets, Bucks",51,14.98,6.12,0.76,2.78,3.55,1.53,0.31,0.59,0.9,1.43,2.45,5.16,0.475,0.45,1.49,0.303,0.76,0.92,0.83
Thaddeus Young,2016-2017,REG,Pacers,70,30.01,10.84,1.71,4.26,5.97,1.59,1.54,0.39,1.31,1.86,4.79,9.2,0.52,0.64,1.67,0.385,0.63,1.2,0.524
Rodney Stuckey,2016-2017,REG,Pacers,39,17.85,7.21,0.15,2,2.15,2.15,0.41,0,1.36,1.13,2.33,6.26,0.373,0.49,1.54,0.317,2.05,2.74,0.748
Nick Young,2016-2017,REG,Lakers,60,25.94,13.18,0.42,1.87,2.28,0.97,0.65,0.23,0.6,2.28,4.53,10.52,0.431,2.83,6.98,0.406,1.28,1.5,0.856
Marco Belinelli,2016-2017,REG,Hornets,74,24.02,10.54,0.19,2.22,2.41,2,0.59,0.12,0.95,1.22,3.57,8.31,0.429,1.38,3.81,0.362,2.03,2.27,0.893
Jason Smith,2016-2017,REG,Wizards,70,14.35,5.76,0.9,2.59,3.49,0.47,0.29,0.74,0.74,2.27,2.4,4.51,0.532,0.5,1,0.5,0.46,0.67,0.681
Jared Dudley,2016-2017,REG,Suns,62,21.38,6.79,0.48,3.03,3.52,1.89,0.68,0.26,1.15,2.45,2.47,5.45,0.453,1.19,3.19,0.374,0.66,1.02,0.651
Rudy Gay,2016-2017,REG,Kings,30,33.77,18.73,1.17,5.13,6.3,2.73,1.5,0.87,2.47,2.63,6.7,14.73,0.455,1.4,3.77,0.372,3.93,4.6,0.855
LaMarcus Aldridge,2016-2017,REG,Spurs,69,32.56,17.32,2.51,4.99,7.49,2.01,0.61,1.22,1.38,2.22,6.91,14.64,0.472,0.33,0.77,0.434,3.16,3.9,0.81
Randy Foye,2016-2017,REG,Nets,65,18.8,5.43,0.14,2.18,2.32,2,0.48,0.14,1.22,1.46,1.8,4.75,0.379,1.03,2.94,0.351,0.8,0.94,0.852
Jose Calderon,2016-2017,REG,"Lakers, Hawks",36,12.5,3.06,0.36,1.36,1.72,1.92,0.31,0.03,0.97,0.89,1.17,3.03,0.385,0.42,1.44,0.288,0.31,0.33,0.917
Alan Anderson,2016-2017,REG,Clippers,30,10.28,2.87,0.1,0.7,0.8,0.37,0.1,0,0.23,1.17,1,2.67,0.375,0.47,1.47,0.318,0.4,0.53,0.75
John Lucas III,2016-2017,REG,Timberwolves,5,2.14,0.4,0,0,0,0.2,0.4,0,0,0,0.2,0.8,0.25,0,0.2,0,0,0,0
Marcin Gortat,2016-2017,REG,Wizards,78,31.41,10.67,2.91,7.56,10.47,1.46,0.47,0.83,1.47,2.67,4.71,8.24,0.571,0,0.03,0,1.26,1.94,0.649
Ronnie Price,2016-2017,REG,Suns,11,8.61,0.82,0.27,0.64,0.91,1.09,0.91,0.09,0.18,1,0.18,1.55,0.118,0.18,1.18,0.154,0.27,0.36,0.75
Monta Ellis,2016-2017,REG,Pacers,70,27.12,8.79,0.26,2.56,2.81,3.21,0.99,0.37,1.81,2.01,3.44,7.7,0.447,0.59,1.83,0.32,1.31,1.77,0.742
Lou Williams,2016-2017,REG,"Lakers, Rockets",78,24.56,17.68,0.33,2.13,2.46,3,1.01,0.24,1.96,1.17,5.35,12.36,0.433,2.05,5.45,0.376,4.94,5.64,0.875
Amir Johnson,2016-2017,REG,Celtics,77,20.15,6.49,1.47,3.06,4.53,1.73,0.64,0.81,0.97,2.6,2.68,4.61,0.58,0.32,0.81,0.403,0.82,1.23,0.663
Ersan Ilyasova,2016-2017,REG,"Thunder, 76ers, Hawks",77,26.43,13.27,1.36,4.51,5.87,1.68,0.73,0.31,1.43,2.57,4.74,10.9,0.435,1.79,4.95,0.362,2,2.57,0.778
Brandon Bass,2016-2017,REG,Clippers,50,11.11,5.5,0.82,1.62,2.44,0.4,0.28,0.22,0.6,0.88,2.04,3.58,0.57,0.02,0.06,0.333,1.4,1.6,0.875
CJ Miles,2016-2017,REG,Pacers,72,23.48,10.83,0.36,2.63,2.99,0.65,0.58,0.36,0.51,2.06,3.72,8.54,0.436,2.24,5.38,0.416,1.15,1.28,0.902
Ian Mahinmi,2016-2017,REG,Wizards,28,17.71,5.43,1.54,3,4.54,0.61,1.07,0.64,1.14,2.86,2,3.5,0.571,0,0,0,1.43,2.46,0.58
David Lee,2016-2017,REG,Spurs,75,18.57,7.27,1.8,3.73,5.53,1.55,0.43,0.51,1.03,1.65,3.15,5.19,0.607,0,0,0,0.97,1.37,0.709
Gerald Green,2016-2017,REG,Celtics,45,11.39,5.42,0.36,1.4,1.76,0.69,0.2,0.16,0.56,1.02,1.98,4.84,0.408,0.82,2.29,0.359,0.64,0.82,0.784
Jarrett Jack,2016-2017,REG,Pelicans,2,16.54,3,0,0,0,2.5,1,0,1.5,2,1,1.5,0.667,0,0.5,0,1,1,1
Marvin Williams,2016-2017,REG,Hornets,73,30.52,11.4,1.16,5.37,6.53,1.44,0.75,0.71,0.74,1.77,4,9.38,0.426,1.66,4.7,0.353,1.74,2,0.87
Chris Paul,2016-2017,REG,Clippers,58,31.5,18.09,0.71,4.26,4.97,9.28,1.9,0.12,2.48,2.45,6.1,12.84,0.475,2.03,5.02,0.406,3.84,4.33,0.888
Raymond Felton,2016-2017,REG,Clippers,77,21.32,6.81,0.43,2.3,2.73,2.38,0.83,0.29,1.05,1.57,2.78,6.49,0.428,0.6,1.86,0.322,0.65,0.83,0.781
Channing Frye,2016-2017,REG,Cavaliers,70,18.68,8.89,0.51,3.33,3.84,0.64,0.43,0.47,0.73,1.87,3.13,6.99,0.448,1.84,4.51,0.408,0.79,0.94,0.833
Deron Williams,2016-2017,REG,"Mavericks, Cavaliers",60,26.03,10.82,0.23,2,2.23,5.75,0.5,0.12,2,2.13,4.05,9.33,0.434,1.27,3.62,0.35,1.45,1.73,0.837
Andrew Bogut,2016-2017,REG,"Mavericks, Cavaliers",27,21.6,2.93,2,6,8,1.81,0.48,0.93,1.59,3.19,1.41,3,0.469,0,0.04,0,0.11,0.41,0.273
Beno Udrih,2016-2017,REG,Pistons,37,14.07,5.73,0.14,1.32,1.46,3.3,0.32,0,0.92,0.7,2.3,4.95,0.464,0.27,0.84,0.323,0.86,0.92,0.941
Anderson Varejao,2016-2017,REG,Warriors,14,6.56,1.29,0.86,1.07,1.93,0.71,0.21,0.21,0.57,1.14,0.36,1,0.357,0,0,0,0.57,0.79,0.727
Trevor Ariza,2016-2017,REG,Rockets,77,34.59,11.79,0.66,5.09,5.75,2.13,1.86,0.25,0.94,1.66,4.1,9.87,0.416,2.43,6.88,0.353,1.16,1.56,0.742
Devin Harris,2016-2017,REG,Mavericks,61,16.91,6.48,0.18,1.8,1.98,2.03,0.67,0.1,0.87,1.62,1.98,5.08,0.39,0.85,2.59,0.329,1.66,2,0.828
Luol Deng,2016-2017,REG,Lakers,56,26.53,7.59,1.13,4.11,5.23,1.32,0.84,0.36,0.77,1.09,2.93,7.59,0.386,0.91,2.93,0.311,0.82,1.13,0.73
Andre Iguodala,2016-2017,REG,Warriors,74,26.4,7.5,0.68,3.34,4.01,3.45,1.04,0.49,0.76,1.28,2.84,5.39,0.526,0.85,2.32,0.366,0.97,1.35,0.72
Kris Humphries,2016-2017,REG,Hawks,53,11.8,4.43,1.02,2.53,3.55,0.47,0.21,0.36,0.51,1.23,1.49,3.62,0.411,0.3,0.87,0.348,1.15,1.43,0.803
Al Jefferson,2016-2017,REG,Pacers,66,14.1,8.11,1.14,3.08,4.21,0.86,0.26,0.26,0.5,1.89,3.56,7.11,0.501,0,0.02,0,0.98,1.29,0.765
J.R. Smith,2016-2017,REG,Cavaliers,37,28.53,8.95,0.38,2.3,2.68,1.32,1.03,0.3,0.62,1.84,3.14,8.7,0.36,2.41,6.59,0.365,0.27,0.41,0.667
Jameer Nelson,2016-2017,REG,Nuggets,75,27.27,9.16,0.36,2.16,2.52,5.13,0.71,0.11,1.72,2.63,3.57,8.05,0.444,1.41,3.64,0.388,0.6,0.84,0.714
Tony Allen,2016-2017,REG,Grizzlies,68,27.47,9.18,2.37,3.28,5.65,1.41,1.65,0.43,1.47,2.6,3.9,8.5,0.458,0.22,0.78,0.283,1.16,1.88,0.617
Sasha Vujacic,2016-2017,REG,Knicks,38,8.64,2.58,0.16,0.97,1.13,0.97,0.32,0.05,0.37,0.82,0.87,2.79,0.311,0.45,1.53,0.293,0.39,0.5,0.789
Udonis Haslem,2016-2017,REG,Heat,16,8.07,1.94,0.5,1.69,2.19,0.38,0.31,0.06,0.5,1.31,0.69,1.38,0.5,0,0.13,0,0.56,0.94,0.6
Dwight Howard,2016-2017,REG,Hawks,71,29.99,13.44,4.08,8.79,12.87,1.39,0.93,1.25,2.3,2.76,5.2,8.28,0.628,0,0.03,0,3.04,5.72,0.532
Shaun Livingston,2016-2017,REG,Warriors,73,17.59,5.08,0.37,1.62,1.99,1.73,0.47,0.29,0.81,1.62,2.25,4.07,0.552,0.01,0.03,0.5,0.58,0.82,0.7
Kyle Korver,2016-2017,REG,"Hawks, Cavaliers",63,26.34,10.11,0.13,2.62,2.75,1.68,0.52,0.32,1.06,1.62,3.59,7.67,0.468,2.41,5.32,0.454,0.52,0.59,0.892
James Jones,2016-2017,REG,Cavaliers,46,7.45,2.67,0.04,0.67,0.72,0.26,0.15,0.2,0.2,0.76,0.89,1.65,0.539,0.65,1.17,0.556,0.24,0.37,0.647
Zaza Pachulia,2016-2017,REG,Warriors,67,18.05,6.12,1.99,3.76,5.75,1.85,0.87,0.46,1.25,2.39,2.36,4.42,0.534,0,0,0,1.4,1.82,0.77
Nick Collison,2016-2017,REG,Thunder,18,6.18,1.28,0.39,1,1.39,0.56,0.11,0.11,0.17,0.83,0.5,0.89,0.562,0,0,0,0.28,0.44,0.625
David West,2016-2017,REG,Warriors,65,12.42,4.68,0.63,2.31,2.94,2.23,0.65,0.72,1.11,1.51,1.98,3.63,0.547,0.05,0.12,0.375,0.66,0.86,0.768
Boris Diaw,2016-2017,REG,Jazz,69,17.57,4.64,0.65,1.52,2.17,2.28,0.23,0.1,1.25,1.13,2.01,4.54,0.444,0.29,1.14,0.253,0.32,0.45,0.71
Leandro Barbosa,2016-2017,REG,Suns,67,14.38,6.25,0.25,1.33,1.58,1.21,0.46,0.12,0.72,1.22,2.57,5.87,0.438,0.52,1.46,0.357,0.6,0.67,0.889
Dwyane Wade,2016-2017,REG,Bulls,57,30.23,18.63,1.07,3.42,4.49,3.88,1.47,0.68,2.19,1.88,7.04,16.25,0.433,0.79,2.53,0.313,3.77,4.75,0.793
Carmelo Anthony,2016-2017,REG,Knicks,72,34.5,22.49,0.85,5.11,5.96,2.89,0.86,0.42,2.08,2.67,8.17,18.83,0.434,2.07,5.75,0.36,4.08,4.9,0.833
LeBron James,2016-2017,REG,Cavaliers,72,37.59,26.32,1.29,7.28,8.57,8.74,1.22,0.6,4.08,1.78,9.9,18.17,0.545,1.69,4.68,0.362,4.82,7.15,0.674
Luis Scola,2016-2017,REG,Nets,36,12.8,5.11,1.44,2.42,3.86,1.03,0.39,0.11,0.94,1.75,1.97,4.22,0.467,0.47,1.39,0.34,0.69,1.03,0.676
Matt Barnes,2016-2017,REG,"Kings, Warriors",73,24.23,7.18,0.95,4.23,5.18,2.64,0.64,0.36,1.45,2.53,2.52,6.48,0.389,1.18,3.59,0.328,0.96,1.22,0.786
Mike Dunleavy,2016-2017,REG,"Cavaliers, Hawks",48,15.95,4.9,0.33,1.92,2.25,0.98,0.27,0.08,0.56,1.25,1.69,4.02,0.42,0.96,2.48,0.387,0.56,0.73,0.771
Nene,2016-2017,REG,Rockets,65,17.97,9.11,1.4,2.78,4.18,0.97,0.82,0.62,1.09,2.48,3.65,5.89,0.619,0.05,0.14,0.334,1.77,2.97,0.596
Chris Andersen,2016-2017,REG,Cavaliers,12,9.48,2.33,0.75,1.83,2.58,0.42,0.42,0.58,0.42,1.67,0.75,1.83,0.409,0,0.25,0,0.83,1.17,0.714
Tony Parker,2016-2017,REG,Spurs,60,25.39,10.17,0.17,1.67,1.83,4.62,0.55,0.03,1.45,1.43,4.23,9.15,0.463,0.38,1.12,0.343,1.32,1.85,0.712
Zach Randolph,2016-2017,REG,Grizzlies,71,24.67,14.24,2.55,5.75,8.3,1.68,0.54,0.15,1.35,1.87,5.99,13.24,0.452,0.3,1.31,0.226,1.97,2.7,0.729
Richard Jefferson,2016-2017,REG,Cavaliers,75,20.44,5.83,0.35,2.17,2.52,0.96,0.32,0.12,0.65,1.95,2.01,4.44,0.453,0.81,2.39,0.341,0.99,1.35,0.733
Joe Johnson,2016-2017,REG,Jazz,74,23.54,8.82,0.43,2.72,3.15,1.82,0.45,0.22,0.89,1.23,3.38,7.86,0.43,1.26,3.22,0.391,0.81,0.97,0.833
Pau Gasol,2016-2017,REG,Spurs,61,25.55,12.41,1.67,6.11,7.79,2.44,0.38,1.13,1.33,1.7,4.77,9.39,0.508,0.87,1.61,0.541,2,2.87,0.697
Tyson Chandler,2016-2017,REG,Suns,47,27.61,8.45,3.3,8.15,11.45,0.64,0.72,0.53,1.43,2.68,3.26,4.85,0.671,0,0,0,1.94,2.64,0.734
Mike Miller,2016-2017,REG,Nuggets,17,5.36,1.18,0.12,1.24,1.35,0.71,0.06,0,0.53,0.41,0.35,0.88,0.4,0.35,0.76,0.461,0.12,0.12,1
Jamal Crawford,2016-2017,REG,Clippers,79,26.33,12.2,0.22,1.39,1.61,2.61,0.78,0.16,1.68,1.43,4.35,10.62,0.41,1.41,3.94,0.357,2.09,2.44,0.855
Manu Ginobili,2016-2017,REG,Spurs,66,18.74,7.55,0.44,1.85,2.29,2.7,1.21,0.23,1.33,1.76,2.5,6.44,0.388,1.27,3.32,0.384,1.27,1.59,0.8
Paul Pierce,2016-2017,REG,Clippers,22,11.86,3.23,0.05,2.05,2.09,0.41,0.18,0.23,0.68,1.68,1.09,2.82,0.387,0.59,1.68,0.351,0.45,0.55,0.833
Jason Terry,2016-2017,REG,Bucks,70,18.53,4,0.21,1.21,1.43,1.34,0.61,0.27,0.46,1.29,1.36,3.24,0.418,0.94,2.3,0.41,0.34,0.41,0.828
Metta World Peace,2016-2017,REG,Lakers,21,5,1.24,0.14,0.43,0.57,0.33,0.14,0.1,0.29,0.67,0.38,1.62,0.235,0.14,0.86,0.167,0.33,0.57,0.583
Dirk Nowitzki,2016-2017,REG,Mavericks,51,26.69,14.29,0.43,6.18,6.61,1.51,0.57,0.63,0.94,2.1,5.47,12.55,0.436,1.51,3.94,0.383,1.84,2.12,0.87
Vince Carter,2016-2017,REG,Grizzlies,70,24.66,8.04,0.51,2.61,3.13,1.8,0.84,0.49,0.67,2.29,2.66,6.81,0.39,1.5,4.06,0.37,1.23,1.61,0.761
